Datum,Super,E10,Diesel
2022-09-09 09:44:16,"2,013","1,952","2,224"
2022-09-09 10:59:47,"2,033","1,972","2,275"
2022-09-09 12:15:06,"1,972","1,932","2,234"
2022-09-09 13:29:05,"1,962","1,902","2,254"
2022-09-09 14:46:09,"1,932","1,882","2,214"
2022-09-09 16:00:51,"1,942","1,882","2,224"
2022-09-09 17:01:57,"1,922","1,882","2,204"
2022-09-09 18:46:02,"1,922","1,882","2,204"
2022-09-09 20:01:24,"1,993","1,972","2,234"
2022-09-09 21:16:44,"1,983","1,922","2,234"
2022-09-09 21:31:42,"1,983","1,922","2,234"
2022-09-09 22:46:40,"1,983","1,922","2,254"
2022-09-10 00:01:43,"1,983","1,922","2,254"
2022-09-10 01:46:57,"1,983","1,922","2,254"
2022-09-10 03:47:00,"2,184","2,124","2,234"
2022-09-10 05:47:04,"2,184","2,124","2,224"
2022-09-10 07:47:02,"2,103","2,043","2,254"
2022-09-10 08:17:08,"2,103","2,043","2,254"
2022-09-10 09:32:21,"1,983","1,922","2,204"
2022-09-10 11:47:32,"1,952","1,902","2,254"
2022-09-10 13:02:24,"1,922","1,902","2,214"
2022-09-10 14:17:44,"1,962","1,902","2,244"
2022-09-11 12:31:32,"1,942","1,902","2,204"
2022-09-11 13:45:40,"2,113","2,003","2,264"
2022-09-11 15:00:47,"1,983","1,882","2,214"
2022-09-11 16:15:49,"1,983","1,882","2,214"
2022-09-11 17:15:51,"1,983","1,902","2,244"
2022-09-11 17:30:41,"1,983","1,902","2,244"
2022-09-11 18:45:35,"1,983","1,882","2,204"
2022-09-11 20:01:10,"1,902","1,842","2,204"
2022-09-11 21:16:01,"1,983","1,922","2,234"
2022-09-11 22:30:49,"1,983","1,922","2,234"
2022-09-11 23:45:56,"1,983","1,922","2,254"
2022-09-12 01:01:21,"1,983","1,922","2,254"
2022-09-12 02:16:21,"1,983","1,922","2,254"
2022-09-12 03:32:12,"2,184","2,124","2,234"
2022-09-12 04:47:00,"2,184","2,124","2,224"
2022-09-12 06:32:24,"2,174","2,113","2,214"
2022-09-12 07:47:23,"2,058","1,997","2,292"
2022-09-12 09:02:27,"2,058","1,997","2,281"
2022-09-12 10:17:30,"2,018","1,957","2,281"
2022-09-12 11:32:23,"2,018","1,957","2,281"
2022-09-12 12:48:51,"1,937","1,896","2,200"
2022-09-12 14:02:26,"1,977","1,916","2,221"
2022-09-12 15:17:35,"1,957","1,896","2,200"
2022-09-12 16:33:06,"1,926","1,896","2,190"
2022-09-12 17:34:18,"1,957","1,896","2,210"
2022-09-12 18:49:28,"1,926","1,896","2,170"
2022-09-12 20:04:20,"2,028","2,008","2,231"
2022-09-12 21:20:05,"1,987","1,926","2,251"
2022-09-12 22:34:20,"1,987","1,926","2,251"
2022-09-12 23:05:11,"1,987","1,926","2,251"
2022-09-13 00:19:35,"1,987","1,926","2,251"
2022-09-13 01:34:51,"1,987","1,926","2,251"
2022-09-13 02:49:34,"1,987","1,926","2,251"
2022-09-13 04:05:27,"2,210","2,150","2,251"
2022-09-13 05:19:38,"2,210","2,150","2,251"
2022-09-13 05:35:10,"2,210","2,150","2,231"
2022-09-13 06:49:39,"2,170","2,109","2,231"
2022-09-13 08:04:41,"2,138","2,077","2,290"
2022-09-13 09:19:38,"2,057","1,996","2,219"
2022-09-13 10:34:38,"2,006","1,946","2,270"
2022-09-13 11:49:55,"2,027","2,006","2,270"
2022-09-13 13:04:46,"1,966","1,905","2,209"
2022-09-13 14:35:21,"1,946","1,885","2,199"
2022-09-13 15:49:40,"1,946","1,885","2,189"
2022-09-13 17:05:12,"1,925","1,865","2,159"
2022-09-13 18:19:40,"1,936","1,875","2,199"
2022-09-13 19:19:42,"1,925","1,865","2,159"
2022-09-13 19:35:10,"1,925","1,865","2,159"
2022-09-13 20:50:39,"2,027","2,006","2,230"
2022-09-13 22:05:16,"1,976","1,915","2,240"
2022-09-13 23:20:52,"1,976","1,915","2,240"
2022-09-14 00:50:15,"1,976","1,915","2,240"
2022-09-14 02:05:19,"1,976","1,915","2,240"
2022-09-14 02:20:27,"1,976","1,915","2,240"
2022-09-14 03:35:43,"2,209","2,148","2,230"
2022-09-14 04:50:34,"2,209","2,148","2,230"
2022-09-14 06:05:44,"2,209","2,148","2,230"
2022-09-14 07:20:28,"2,112","2,052","2,251"
2022-09-14 08:35:23,"2,012","1,952","2,251"
2022-09-14 09:36:37,"1,952","1,893","2,172"
2022-09-14 11:06:42,"1,972","1,913","2,222"
2022-09-14 12:21:23,"1,913","1,853","2,172"
2022-09-14 13:36:05,"1,933","1,873","2,172"
2022-09-14 14:52:06,"1,913","1,853","2,152"
2022-09-14 16:22:52,"1,893","1,833","2,112"
2022-09-14 17:37:37,"1,893","1,833","2,152"
2022-09-14 18:51:18,"1,873","1,823","2,112"
2022-09-14 20:06:08,"1,992","1,972","2,172"
2022-09-14 21:21:36,"1,933","1,873","2,172"
2022-09-14 21:51:19,"1,933","1,873","2,172"
2022-09-14 22:21:27,"1,933","1,873","2,172"
2022-09-14 23:36:27,"1,933","1,873","2,172"
2022-09-15 00:52:09,"1,933","1,873","2,172"
2022-09-15 02:23:10,"1,933","1,873","2,172"
2022-09-15 03:38:42,"2,152","2,092","2,182"
2022-09-15 04:53:56,"2,152","2,092","2,182"
2022-09-15 06:08:42,"2,152","2,092","2,162"
2022-09-15 07:23:52,"2,051","1,992","2,221"
2022-09-15 08:38:56,"2,051","1,992","2,211"
2022-09-15 09:53:40,"1,952","1,892","2,151"
2022-09-15 11:08:43,"1,992","1,932","2,211"
2022-09-15 12:24:05,"1,952","1,892","2,161"
2022-09-15 13:39:38,"1,942","1,882","2,161"
2022-09-15 14:54:10,"1,912","1,852","2,121"
2022-09-15 16:09:06,"1,922","1,862","2,111"
2022-09-15 17:23:42,"1,882","1,842","2,111"
2022-09-15 18:38:54,"1,872","1,842","2,101"
2022-09-15 19:53:44,"1,992","1,972","2,171"
2022-09-15 21:08:42,"1,922","1,862","2,141"
2022-09-15 22:23:58,"1,922","1,862","2,141"
2022-09-15 23:38:42,"1,922","1,862","2,141"
2022-09-16 00:53:41,"1,922","1,862","2,141"
2022-09-16 02:08:48,"1,922","1,862","2,141"
2022-09-16 03:23:48,"2,151","2,091","2,171"
2022-09-16 04:38:44,"2,151","2,091","2,151"
2022-09-16 05:54:10,"2,151","2,091","2,151"
2022-09-16 07:08:42,"2,151","2,091","2,171"
2022-09-16 07:38:51,"1,998","1,938","2,177"
2022-09-16 08:53:58,"1,958","1,898","2,167"
2022-09-16 10:09:46,"1,958","1,898","2,177"
2022-09-16 11:23:50,"1,958","1,898","2,167"
2022-09-16 12:24:18,"1,918","1,858","2,107"
2022-09-16 13:39:12,"1,928","1,868","2,137"
2022-09-16 14:54:17,"1,898","1,848","2,107"
2022-09-16 16:09:19,"1,918","1,858","2,077"
2022-09-16 17:25:04,"1,908","1,848","2,077"
2022-09-16 18:39:15,"1,868","1,818","2,067"
2022-09-16 19:54:09,"1,998","1,978","2,177"
2022-09-16 21:09:14,"1,928","1,868","2,107"
2022-09-16 22:24:14,"1,928","1,868","2,107"
2022-09-16 23:39:53,"1,928","1,868","2,107"
2022-09-17 00:54:13,"1,928","1,868","2,107"
2022-09-17 02:09:50,"1,928","1,868","2,107"
2022-09-17 03:24:20,"2,157","2,097","2,157"
2022-09-17 04:39:11,"2,157","2,097","2,177"
2022-09-17 05:54:33,"2,157","2,097","2,147"
2022-09-17 07:09:29,"2,147","2,087","2,167"
2022-09-17 08:24:20,"2,107","2,047","2,127"
2022-09-17 09:39:29,"1,948","1,888","2,047"
2022-09-17 10:54:09,"1,968","1,908","2,097"
2022-09-17 12:09:14,"1,898","1,838","2,087"
2022-09-17 13:24:11,"1,908","1,848","2,087"
2022-09-17 14:39:10,"1,888","1,828","2,077"
2022-09-17 15:54:29,"1,888","1,828","2,067"
2022-09-17 17:09:51,"1,898","1,838","2,077"
2022-09-17 18:24:37,"1,888","1,828","2,077"
2022-09-17 19:09:10,"1,858","1,818","2,038"
2022-09-17 20:24:09,"1,928","1,868","2,107"
2022-09-17 21:39:07,"1,928","1,868","2,107"
2022-09-17 22:54:13,"1,928","1,868","2,107"
2022-09-17 23:39:14,"1,928","1,868","2,107"
2022-09-18 00:54:09,"1,928","1,868","2,107"
2022-09-18 02:09:08,"1,928","1,868","2,107"
2022-09-18 03:24:12,"2,157","2,097","2,157"
2022-09-18 04:39:07,"2,157","2,097","2,157"
2022-09-18 05:54:30,"2,157","2,097","2,147"
2022-09-18 07:09:19,"2,177","2,117","2,197"
2022-09-18 08:24:14,"2,147","2,087","2,147"
2022-09-18 09:39:08,"2,147","2,087","2,147"
2022-09-18 10:54:10,"2,147","2,087","2,147"
2022-09-18 12:09:15,"2,147","2,087","2,147"
2022-09-18 13:24:10,"1,938","1,918","2,107"
2022-09-18 14:39:14,"1,888","1,828","2,038"
2022-09-18 15:54:41,"1,888","1,828","2,047"
2022-09-18 17:09:17,"1,898","1,838","2,057"
2022-09-18 18:24:13,"1,878","1,818","2,018"
2022-09-18 19:09:20,"1,858","1,798","2,018"
2022-09-18 19:54:19,"1,858","1,798","2,018"
2022-09-18 20:09:23,"1,928","1,868","2,097"
2022-09-18 21:24:22,"1,928","1,868","2,097"
2022-09-18 22:39:36,"1,928","1,868","2,097"
2022-09-18 23:54:32,"1,928","1,868","2,097"
2022-09-19 01:09:11,"1,928","1,868","2,097"
2022-09-19 02:25:00,"1,928","1,868","2,097"
2022-09-19 03:39:33,"2,157","2,097","2,157"
2022-09-19 04:54:14,"2,157","2,097","2,157"
2022-09-19 06:09:25,"2,147","2,087","2,147"
2022-09-19 07:17:20,"2,183","2,123","2,163"
2022-09-19 07:47:47,"2,083","2,023","2,163"
2022-09-19 09:09:18,"1,933","1,874","2,123"
2022-09-19 10:24:22,"1,943","1,883","2,083"
2022-09-19 12:24:12,"1,893","1,834","2,023"
2022-09-19 13:39:59,"1,913","1,854","2,033"
2022-09-19 14:55:03,"1,883","1,824","2,003"
2022-09-19 15:55:07,"1,903","1,844","2,023"
2022-09-19 16:11:05,"1,903","1,844","2,023"
2022-09-19 17:25:00,"1,893","1,834","2,033"
2022-09-19 18:11:30,"1,893","1,834","2,023"
2022-09-19 19:25:22,"1,993","1,973","2,093"
2022-09-19 20:54:34,"1,993","1,973","2,093"
2022-09-19 22:10:21,"1,923","1,864","2,063"
2022-09-19 23:25:56,"1,923","1,864","2,063"
2022-09-20 00:27:49,"1,923","1,864","2,063"
2022-09-20 01:42:51,"1,923","1,864","2,063"
2022-09-20 02:57:24,"1,923","1,864","2,063"
2022-09-20 04:13:12,"2,133","2,073","2,143"
2022-09-20 05:14:36,"2,133","2,073","2,143"
2022-09-20 06:29:14,"2,103","2,043","2,133"
2022-09-20 07:44:56,"1,975","1,914","2,185"
2022-09-20 08:59:33,"1,934","1,874","2,065"
2022-09-20 10:14:26,"1,954","1,894","2,085"
2022-09-20 11:30:08,"1,954","1,894","2,085"
2022-09-20 12:44:17,"1,884","1,824","1,995"
2022-09-20 13:59:41,"1,904","1,844","2,035"
2022-09-20 15:00:39,"1,884","1,824","2,015"
2022-09-20 16:15:42,"1,904","1,844","2,025"
2022-09-20 17:31:12,"1,884","1,824","2,035"
2022-09-20 18:45:41,"1,964","1,944","2,085"
2022-09-20 20:00:42,"1,964","1,944","2,085"
2022-09-20 21:15:47,"1,924","1,864","2,065"
2022-09-20 22:31:30,"1,924","1,864","2,065"
2022-09-20 23:32:34,"1,924","1,864","2,065"
2022-09-21 00:47:49,"1,924","1,864","2,065"
2022-09-21 01:47:32,"1,924","1,864","2,065"
2022-09-21 03:02:47,"1,964","1,944","2,085"
2022-09-21 04:17:57,"2,145","2,085","2,165"
2022-09-21 05:32:37,"2,145","2,085","2,165"
2022-09-21 06:02:46,"2,135","2,075","2,165"
2022-09-21 07:17:44,"2,147","2,087","2,147"
2022-09-21 08:32:36,"2,028","1,969","2,107"
2022-09-21 09:17:44,"2,018","1,959","2,058"
2022-09-21 10:32:31,"2,008","1,949","2,058"
2022-09-21 11:47:35,"1,939","1,880","2,048"
2022-09-21 13:02:36,"1,870","1,820","1,959"
2022-09-21 14:17:58,"1,880","1,820","1,998"
2022-09-21 15:33:16,"1,880","1,820","1,988"
2022-09-21 16:48:35,"1,840","1,820","1,969"
2022-09-21 18:03:26,"1,870","1,820","1,988"
2022-09-21 19:18:37,"1,979","1,959","2,058"
2022-09-21 20:33:28,"1,979","1,959","2,058"
2022-09-21 21:48:25,"1,909","1,850","2,048"
2022-09-21 23:03:40,"1,909","1,850","2,048"
2022-09-22 00:18:13,"1,909","1,850","2,048"
2022-09-22 01:33:38,"1,909","1,850","2,048"
2022-09-22 02:48:39,"1,909","1,850","2,048"
2022-09-22 04:03:46,"2,117","2,058","2,147"
2022-09-22 04:48:49,"2,117","2,058","2,147"
2022-09-22 06:04:03,"2,107","2,048","2,137"
2022-09-22 07:18:43,"2,071","2,012","2,130"
2022-09-22 08:33:59,"2,061","2,003","2,120"
2022-09-22 09:48:57,"1,914","1,855","1,983"
2022-09-22 11:04:03,"1,924","1,865","1,993"
2022-09-22 12:19:31,"1,865","1,816","1,973"
2022-09-22 13:34:21,"1,885","1,826","1,993"
2022-09-22 14:49:10,"1,855","1,796","1,973"
2022-09-22 16:04:13,"1,875","1,816","1,963"
2022-09-22 17:19:18,"1,855","1,796","1,983"
2022-09-22 18:34:52,"1,836","1,786","1,963"
2022-09-22 19:49:25,"1,924","1,904","2,042"
2022-09-22 21:05:50,"1,894","1,836","2,022"
2022-09-22 22:19:27,"1,894","1,836","2,022"
2022-09-22 23:34:22,"1,894","1,836","2,022"
2022-09-23 00:49:31,"1,894","1,836","2,022"
2022-09-23 02:04:16,"1,894","1,836","2,022"
2022-09-23 03:19:49,"2,101","2,042","2,140"
2022-09-23 03:34:32,"2,101","2,042","2,140"
2022-09-23 04:49:52,"2,101","2,042","2,140"
2022-09-23 05:04:55,"2,101","2,042","2,140"
2022-09-23 06:19:53,"2,071","2,012","2,130"
2022-09-23 07:35:00,"2,030","1,971","2,128"
2022-09-23 08:50:12,"2,020","1,962","2,119"
2022-09-23 10:05:02,"2,001","1,942","2,020"
2022-09-23 11:20:02,"1,922","1,863","2,011"
2022-09-23 12:34:58,"1,863","1,834","1,952"
2022-09-23 14:05:36,"1,893","1,834","1,971"
2022-09-23 14:20:40,"1,893","1,834","1,971"
2022-09-23 15:36:07,"1,844","1,805","1,962"
2022-09-23 16:50:59,"1,824","1,805","1,942"
2022-09-23 18:05:59,"1,854","1,805","1,962"
2022-09-23 19:20:54,"1,824","1,805","1,942"
2022-09-23 20:35:57,"1,893","1,834","2,001"
2022-09-23 21:36:13,"1,893","1,834","2,001"
2022-09-23 22:50:57,"1,893","1,834","2,001"
2022-09-24 00:05:58,"1,893","1,834","2,001"
2022-09-24 01:20:58,"1,893","1,834","2,001"
2022-09-24 02:05:57,"1,893","1,834","2,001"
2022-09-24 03:21:18,"2,079","2,020","2,099"
2022-09-24 03:35:55,"2,079","2,020","2,099"
2022-09-24 04:51:13,"2,089","2,030","2,128"
2022-09-24 06:06:28,"2,079","2,020","2,099"
2022-09-24 07:21:34,"1,952","1,893","2,001"
2022-09-24 08:36:48,"1,883","1,824","1,971"
2022-09-24 09:51:38,"1,844","1,785","1,942"
2022-09-24 10:06:55,"1,883","1,824","2,001"
2022-09-24 11:37:38,"1,873","1,814","1,981"
2022-09-24 12:52:49,"1,873","1,814","1,981"
2022-09-24 14:07:44,"1,863","1,805","1,981"
2022-09-24 15:22:33,"1,844","1,785","1,962"
2022-09-24 16:37:33,"1,824","1,785","1,942"
2022-09-24 17:52:48,"1,854","1,795","1,981"
2022-09-24 19:07:35,"1,814","1,785","1,942"
2022-09-24 20:22:47,"1,893","1,834","2,020"
2022-09-24 21:38:08,"1,893","1,834","2,020"
2022-09-24 22:52:34,"1,893","1,834","2,020"
2022-09-25 00:07:53,"1,893","1,834","2,020"
2022-09-25 01:22:52,"1,893","1,834","2,020"
2022-09-25 02:38:31,"1,893","1,834","2,020"
2022-09-25 03:53:12,"2,079","2,020","2,099"
2022-09-25 05:08:16,"2,089","2,030","2,128"
2022-09-25 06:23:23,"2,079","2,020","2,099"
2022-09-25 07:38:12,"1,962","1,903","2,011"
2022-09-25 08:53:13,"1,922","1,863","1,991"
2022-09-25 10:08:14,"1,883","1,824","2,011"
2022-09-25 11:23:17,"1,883","1,824","2,011"
2022-09-25 12:38:33,"1,883","1,805","1,952"
2022-09-25 13:53:45,"1,863","1,805","1,981"
2022-09-25 15:08:39,"1,863","1,805","1,971"
2022-09-25 16:23:41,"1,834","1,775","1,942"
2022-09-25 17:53:54,"1,854","1,795","1,981"
2022-09-25 19:08:55,"1,814","1,755","1,942"
2022-09-25 20:23:56,"1,893","1,834","2,020"
2022-09-25 21:39:16,"1,893","1,834","2,020"
2022-09-25 22:54:13,"1,893","1,834","2,020"
2022-09-26 00:08:53,"1,893","1,834","2,020"
2022-09-26 01:23:57,"1,893","1,834","2,020"
2022-09-26 02:38:53,"1,893","1,834","2,020"
2022-09-26 03:54:05,"2,079","2,020","2,099"
2022-09-26 05:08:58,"2,089","2,030","2,128"
2022-09-26 06:24:05,"2,050","2,011","2,099"
2022-09-26 07:38:51,"2,062","2,004","2,091"
2022-09-26 08:48:53,"2,033","1,976","2,082"
2022-09-26 10:04:33,"1,927","1,908","2,024"
2022-09-26 11:19:31,"1,879","1,821","1,995"
2022-09-26 12:35:00,"1,812","1,783","1,937"
2022-09-26 13:48:58,"1,831","1,773","1,956"
2022-09-26 15:04:20,"1,812","1,763","1,937"
2022-09-26 16:19:18,"1,802","1,744","1,908"
2022-09-26 17:33:50,"1,821","1,763","1,937"
2022-09-26 18:48:56,"1,783","1,754","1,908"
2022-09-26 19:49:56,"1,773","1,754","1,908"
2022-09-26 21:03:57,"1,850","1,792","1,985"
2022-09-26 22:19:26,"1,850","1,792","1,985"
2022-09-26 23:33:59,"1,850","1,792","1,985"
2022-09-27 00:49:13,"1,850","1,792","1,985"
2022-09-27 02:04:06,"1,850","1,792","1,985"
2022-09-27 02:49:45,"1,850","1,792","1,985"
2022-09-27 03:50:37,"2,043","1,985","2,062"
2022-09-27 05:05:42,"2,043","1,985","2,062"
2022-09-27 06:20:31,"1,976","1,918","2,033"
2022-09-27 07:36:03,"1,938","1,880","2,034"
2022-09-27 08:51:03,"1,928","1,870","2,025"
2022-09-27 10:06:35,"1,938","1,880","1,976"
2022-09-27 11:20:49,"1,938","1,880","1,957"
2022-09-27 12:36:00,"1,851","1,793","1,899"
2022-09-27 13:36:20,"1,880","1,822","1,919"
2022-09-27 14:51:19,"1,861","1,803","1,899"
2022-09-27 16:22:04,"1,803","1,774","1,890"
2022-09-27 17:38:00,"1,822","1,774","1,919"
2022-09-27 18:39:03,"1,793","1,774","1,909"
2022-09-27 19:54:32,"1,899","1,880","2,005"
2022-09-27 21:08:59,"1,832","1,774","1,947"
2022-09-27 22:24:00,"1,832","1,774","1,947"
2022-09-27 23:09:43,"1,832","1,774","1,947"
2022-09-28 00:10:34,"1,832","1,774","1,947"
2022-09-28 01:26:09,"1,832","1,774","1,947"
2022-09-28 02:41:12,"1,832","1,774","1,947"
2022-09-28 03:56:15,"2,025","1,967","2,044"
2022-09-28 04:11:16,"2,025","1,967","2,044"
2022-09-28 05:26:37,"2,025","1,967","2,044"
2022-09-28 06:41:31,"1,976","1,919","2,034"
2022-09-28 07:56:54,"1,907","1,850","1,993"
2022-09-28 09:11:13,"1,859","1,802","1,945"
2022-09-28 10:26:15,"1,850","1,792","1,936"
2022-09-28 11:41:39,"1,821","1,764","1,916"
2022-09-28 12:56:13,"1,783","1,745","1,888"
2022-09-28 14:11:13,"1,812","1,754","1,907"
2022-09-28 15:26:08,"1,812","1,754","1,907"
2022-09-28 16:41:31,"1,831","1,773","1,916"
2022-09-28 17:56:29,"1,773","1,735","1,878"
2022-09-28 19:11:17,"1,754","1,735","1,859"
2022-09-28 20:11:48,"1,878","1,859","1,983"
2022-09-28 20:57:22,"1,878","1,859","1,983"
2022-09-28 22:11:56,"1,812","1,754","1,936"
2022-09-28 22:27:02,"1,812","1,754","1,936"
2022-09-28 23:42:40,"1,812","1,754","1,936"
2022-09-29 00:57:23,"1,812","1,754","1,936"
2022-09-29 02:12:52,"1,812","1,754","1,936"
2022-09-29 03:57:51,"2,002","1,945","2,040"
2022-09-29 05:13:14,"2,002","1,945","2,040"
2022-09-29 06:28:48,"1,878","1,821","1,945"
2022-09-29 07:43:36,"1,931","1,873","2,028"
2022-09-29 08:58:48,"1,883","1,825","1,979"
2022-09-29 10:13:43,"1,863","1,805","1,979"
2022-09-29 11:28:40,"1,854","1,796","1,979"
2022-09-29 12:44:24,"1,796","1,767","1,912"
2022-09-29 13:45:59,"1,825","1,767","1,921"
2022-09-29 15:00:31,"1,786","1,767","1,892"
2022-09-29 16:16:36,"1,796","1,757","1,892"
2022-09-29 17:17:19,"1,815","1,757","1,921"
2022-09-29 18:47:51,"1,786","1,757","1,902"
2022-09-29 20:03:35,"1,883","1,863","2,008"
2022-09-29 21:18:19,"1,854","1,796","1,979"
2022-09-29 22:33:12,"1,854","1,796","1,979"
2022-09-29 23:04:19,"1,854","1,796","1,979"
2022-09-30 00:19:07,"1,854","1,796","1,979"
2022-09-30 01:49:41,"1,854","1,796","1,979"
2022-09-30 03:04:49,"2,028","1,970","2,086"
2022-09-30 04:20:09,"2,028","1,970","2,095"
2022-09-30 05:34:44,"2,028","1,970","2,086"
2022-09-30 06:49:50,"1,902","1,844","1,999"
2022-09-30 08:04:46,"1,900","1,841","2,077"
2022-09-30 09:19:44,"1,851","1,802","1,988"
2022-09-30 10:34:48,"1,900","1,841","2,018"
2022-09-30 12:05:25,"1,841","1,802","1,988"
2022-09-30 13:20:17,"1,851","1,792","1,988"
2022-09-30 14:35:21,"1,841","1,783","1,979"
2022-09-30 15:50:23,"1,841","1,783","1,969"
2022-09-30 17:05:05,"1,861","1,802","1,988"
2022-09-30 18:20:18,"1,802","1,783","1,939"
2022-09-30 19:35:12,"1,900","1,881","2,037"
2022-09-30 20:50:37,"1,900","1,881","2,037"
2022-09-30 22:05:27,"1,871","1,812","2,008"
2022-09-30 22:20:57,"1,871","1,812","2,008"
2022-09-30 23:20:28,"1,871","1,812","2,008"
2022-10-01 00:35:33,"1,871","1,812","2,008"
2022-10-01 01:50:47,"1,871","1,812","2,008"
2022-10-01 02:51:50,"1,871","1,812","2,008"
2022-10-01 04:06:25,"2,057","1,998","2,096"
2022-10-01 05:21:13,"2,057","1,998","2,096"
2022-10-01 06:36:37,"2,057","1,998","2,096"
2022-10-01 07:51:13,"2,057","1,998","2,126"
2022-10-01 09:06:16,"2,057","1,998","2,096"
2022-10-01 10:21:20,"2,057","1,998","2,096"
2022-10-01 11:36:09,"2,057","1,998","2,096"
2022-10-01 12:51:28,"1,832","1,802","1,969"
2022-10-01 14:06:24,"1,871","1,812","2,008"
2022-10-01 15:21:44,"1,871","1,812","2,008"
2022-10-01 16:36:45,"1,871","1,812","2,008"
2022-10-01 17:51:13,"1,871","1,812","2,008"
2022-10-01 18:06:23,"1,871","1,812","2,008"
2022-10-01 19:21:54,"1,871","1,812","2,008"
2022-10-01 20:36:51,"1,871","1,812","2,028"
2022-10-01 21:37:52,"1,871","1,812","2,028"
2022-10-01 22:52:50,"1,871","1,812","2,028"
2022-10-02 00:23:10,"1,871","1,812","2,028"
2022-10-02 01:38:11,"1,871","1,812","2,028"
2022-10-02 02:53:21,"1,871","1,812","2,028"
2022-10-02 04:08:33,"2,057","1,998","2,096"
2022-10-02 05:23:22,"2,057","1,998","2,096"
2022-10-02 06:38:27,"2,047","1,988","2,086"
2022-10-02 07:53:12,"1,939","1,881","2,067"
2022-10-02 09:08:28,"1,920","1,861","2,008"
2022-10-02 10:23:29,"1,881","1,822","2,018"
2022-10-02 11:39:00,"1,851","1,792","1,979"
2022-10-02 12:53:45,"1,812","1,773","1,939"
2022-10-02 14:09:31,"1,832","1,773","1,979"
2022-10-02 15:26:02,"1,841","1,783","1,979"
2022-10-02 16:41:12,"1,832","1,773","1,959"
2022-10-02 17:56:34,"1,851","1,792","1,979"
2022-10-02 19:11:12,"1,832","1,773","1,949"
2022-10-02 20:26:18,"1,890","1,832","2,008"
2022-10-02 21:42:00,"1,890","1,832","2,008"
2022-10-02 22:56:17,"1,890","1,832","2,008"
2022-10-03 00:11:22,"1,890","1,832","2,008"
2022-10-03 00:41:26,"1,890","1,832","2,008"
2022-10-03 01:56:38,"1,890","1,832","2,008"
2022-10-03 03:12:03,"2,057","1,998","2,096"
2022-10-03 03:57:06,"2,057","1,998","2,096"
2022-10-03 05:11:48,"2,057","1,998","2,116"
2022-10-03 06:26:58,"2,047","1,988","2,086"
2022-10-03 07:42:39,"1,900","1,841","2,017"
2022-10-03 09:12:22,"1,890","1,831","2,008"
2022-10-03 10:27:30,"1,900","1,841","2,008"
2022-10-03 11:42:15,"1,831","1,772","1,978"
2022-10-03 12:57:14,"1,812","1,772","1,939"
2022-10-03 13:57:17,"1,831","1,772","1,978"
2022-10-03 14:12:15,"1,831","1,772","1,978"
2022-10-03 15:12:18,"1,831","1,772","1,978"
2022-10-03 15:27:58,"1,821","1,772","1,959"
2022-10-03 16:42:37,"1,812","1,772","1,949"
2022-10-03 17:57:21,"1,821","1,772","1,968"
2022-10-03 19:12:15,"1,812","1,772","1,929"
2022-10-03 19:57:34,"1,812","1,772","1,929"
2022-10-03 21:13:22,"1,861","1,802","2,008"
2022-10-03 22:18:18,"1,861","1,802","2,008"
2022-10-03 23:18:21,"1,861","1,802","2,008"
2022-10-03 23:34:58,"1,861","1,802","2,008"
2022-10-04 01:05:33,"1,861","1,802","2,008"
2022-10-04 02:20:12,"1,861","1,802","2,008"
2022-10-04 03:36:12,"2,057","1,998","2,096"
2022-10-04 04:36:43,"2,057","1,998","2,115"
2022-10-04 05:52:15,"2,057","1,998","2,096"
2022-10-04 07:07:16,"1,949","1,890","2,057"
2022-10-04 08:08:36,"1,963","1,904","2,072"
2022-10-04 09:23:51,"1,953","1,894","2,062"
2022-10-04 10:38:20,"1,904","1,845","2,023"
2022-10-04 11:53:54,"1,894","1,835","2,023"
2022-10-04 13:08:10,"1,874","1,815","2,003"
2022-10-04 14:23:49,"1,865","1,805","2,003"
2022-10-04 15:39:03,"1,855","1,795","1,963"
2022-10-04 16:40:21,"1,845","1,795","1,963"
2022-10-04 17:41:43,"1,865","1,805","1,973"
2022-10-04 18:55:54,"1,835","1,795","1,963"
2022-10-04 19:56:15,"1,835","1,795","1,963"
2022-10-04 21:11:00,"1,914","1,855","2,032"
2022-10-04 22:26:03,"1,914","1,855","2,032"
2022-10-04 22:41:24,"1,914","1,855","2,032"
2022-10-04 23:56:15,"1,914","1,855","2,032"
2022-10-05 01:11:32,"1,914","1,855","2,032"
2022-10-05 02:27:26,"1,914","1,855","2,032"
2022-10-05 03:28:22,"2,082","2,023","2,141"
2022-10-05 04:43:39,"2,082","2,023","2,141"
2022-10-05 05:58:42,"2,082","2,023","2,141"
2022-10-05 07:14:01,"1,993","1,934","2,121"
2022-10-05 08:29:36,"2,014","1,954","2,144"
2022-10-05 09:44:22,"1,964","1,905","2,094"
2022-10-05 09:59:27,"1,925","1,885","2,054"
2022-10-05 11:14:21,"1,945","1,885","2,084"
2022-10-05 12:29:22,"1,875","1,855","2,044"
2022-10-05 13:44:24,"1,915","1,855","2,064"
2022-10-05 14:59:30,"1,915","1,855","2,064"
2022-10-05 16:14:20,"1,885","1,855","2,024"
2022-10-05 17:29:45,"1,895","1,855","2,044"
2022-10-05 18:44:44,"1,895","1,855","2,024"
2022-10-05 19:59:40,"1,964","1,945","2,084"
2022-10-05 21:15:06,"1,954","1,895","2,074"
2022-10-05 22:30:05,"1,954","1,895","2,074"
2022-10-05 23:29:44,"1,954","1,895","2,074"
2022-10-06 00:29:46,"1,954","1,895","2,074"
2022-10-06 00:44:45,"1,954","1,895","2,074"
2022-10-06 01:14:51,"1,954","1,895","2,074"
2022-10-06 01:59:48,"1,954","1,895","2,074"
2022-10-06 03:14:39,"2,124","2,064","2,204"
2022-10-06 04:29:47,"2,124","2,064","2,204"
2022-10-06 05:59:45,"2,124","2,064","2,204"
2022-10-06 07:14:44,"2,154","2,094","2,224"
2022-10-06 08:29:53,"2,137","2,077","2,206"
2022-10-06 09:44:53,"2,087","2,028","2,147"
2022-10-06 10:59:45,"2,137","2,077","2,176"
2022-10-06 12:14:45,"2,038","2,018","2,087"
2022-10-06 12:30:10,"2,038","2,018","2,087"
2022-10-06 13:45:19,"1,919","1,860","2,068"
2022-10-06 14:59:40,"1,909","1,870","2,068"
2022-10-06 16:00:16,"1,909","1,870","2,058"
2022-10-06 17:15:00,"1,889","1,870","2,038"
2022-10-06 18:15:03,"1,889","1,870","2,038"
2022-10-06 18:30:11,"1,889","1,870","2,028"
2022-10-06 19:45:08,"2,077","2,058","2,137"
2022-10-06 20:45:38,"2,077","2,058","2,137"
2022-10-06 22:00:46,"1,929","1,870","2,068"
2022-10-06 23:15:10,"1,939","1,879","2,087"
2022-10-07 00:31:05,"1,939","1,879","2,087"
2022-10-07 01:45:41,"1,939","1,879","2,087"
2022-10-07 03:00:09,"2,077","2,058","2,137"
2022-10-07 04:15:15,"2,117","2,058","2,206"
2022-10-07 05:30:30,"2,117","2,058","2,206"
2022-10-07 06:45:12,"2,077","2,048","2,157"
2022-10-07 08:00:21,"2,112","2,053","2,180"
2022-10-07 08:45:41,"2,102","2,043","2,171"
2022-10-07 09:15:01,"2,024","1,995","2,151"
2022-10-07 10:30:16,"2,004","1,946","2,102"
2022-10-07 11:45:04,"1,965","1,907","2,092"
2022-10-07 13:00:25,"1,887","1,867","2,043"
2022-10-07 13:15:14,"1,926","1,867","2,083"
2022-10-07 14:30:20,"1,907","1,867","2,063"
2022-10-07 15:15:41,"1,907","1,867","2,063"
2022-10-07 16:30:04,"1,897","1,867","2,053"
2022-10-07 17:45:04,"1,887","1,867","2,063"
2022-10-07 19:00:17,"1,887","1,867","2,034"
2022-10-07 20:15:20,"2,024","2,004","2,112"
2022-10-07 21:30:21,"1,926","1,867","2,083"
2022-10-07 22:45:42,"1,926","1,867","2,083"
2022-10-08 00:15:03,"1,926","1,867","2,083"
2022-10-08 01:30:04,"1,926","1,867","2,083"
2022-10-08 03:01:08,"1,926","1,867","2,083"
2022-10-08 04:16:00,"2,112","2,053","2,200"
2022-10-08 05:15:48,"2,112","2,053","2,200"
2022-10-08 06:30:57,"2,112","2,053","2,180"
2022-10-08 07:45:47,"2,063","2,014","2,161"
2022-10-08 09:00:45,"2,034","2,014","2,083"
2022-10-08 10:16:01,"2,034","2,014","2,092"
2022-10-08 11:30:49,"2,034","2,014","2,092"
2022-10-08 12:45:45,"2,034","2,014","2,053"
2022-10-08 14:01:00,"1,946","1,887","2,083"
2022-10-08 15:16:00,"1,926","1,867","2,073"
2022-10-08 16:30:56,"1,907","1,867","2,053"
2022-10-08 17:45:45,"1,926","1,867","2,083"
2022-10-08 19:00:46,"1,897","1,867","2,053"
2022-10-08 20:15:47,"1,946","1,926","2,112"
2022-10-08 21:30:44,"1,946","1,887","2,112"
2022-10-08 22:45:44,"1,955","1,897","2,112"
2022-10-09 00:01:16,"1,955","1,897","2,112"
2022-10-09 01:16:01,"1,955","1,897","2,112"
2022-10-09 02:30:53,"1,955","1,897","2,112"
2022-10-09 03:45:49,"2,112","2,053","2,200"
2022-10-09 05:00:50,"2,112","2,053","2,200"
2022-10-09 06:16:02,"2,112","2,053","2,180"
2022-10-09 07:30:53,"2,034","1,975","2,122"
2022-10-09 08:45:48,"1,995","1,936","2,092"
2022-10-09 10:01:05,"1,907","1,867","2,063"
2022-10-09 11:16:03,"1,955","1,897","2,112"
2022-10-09 12:30:53,"1,916","1,867","2,073"
2022-10-09 13:45:52,"1,946","1,887","2,083"
2022-10-09 15:00:45,"1,907","1,867","2,073"
2022-10-09 15:46:01,"1,916","1,867","2,073"
2022-10-09 17:00:47,"1,907","1,867","2,053"
2022-10-09 18:15:47,"2,024","2,004","2,122"
2022-10-09 19:31:06,"1,877","1,819","2,053"
2022-10-09 20:45:44,"1,946","1,887","2,112"
2022-10-09 22:00:54,"1,946","1,887","2,112"
2022-10-09 22:31:04,"1,946","1,887","2,112"
2022-10-09 23:46:04,"1,946","1,887","2,112"
2022-10-10 01:00:49,"1,946","1,887","2,112"
2022-10-10 01:46:14,"1,946","1,887","2,112"
2022-10-10 03:00:53,"2,024","2,004","2,122"
2022-10-10 04:15:48,"2,112","2,053","2,200"
2022-10-10 05:30:46,"2,112","2,053","2,200"
2022-10-10 06:45:46,"2,073","2,014","2,161"
2022-10-10 08:00:53,"2,118","2,059","2,196"
2022-10-10 09:30:49,"2,059","2,001","2,137"
2022-10-10 10:45:52,"1,982","1,923","2,118"
2022-10-10 12:01:12,"1,933","1,885","2,079"
2022-10-10 13:15:45,"1,914","1,885","2,079"
2022-10-10 14:31:01,"1,904","1,885","2,069"
2022-10-10 15:45:48,"1,914","1,885","2,069"
2022-10-10 17:00:48,"1,904","1,885","2,050"
2022-10-10 18:15:47,"1,904","1,885","2,059"
2022-10-10 19:30:57,"2,001","1,982","2,108"
2022-10-10 20:46:06,"2,001","1,982","2,108"
2022-10-10 22:01:00,"1,943","1,885","2,098"
2022-10-10 23:15:59,"1,953","1,894","2,098"
2022-10-11 00:30:54,"1,953","1,894","2,098"
2022-10-11 01:46:32,"1,953","1,894","2,098"
2022-10-11 03:00:46,"2,001","1,982","2,108"
2022-10-11 04:15:43,"2,098","2,040","2,196"
2022-10-11 05:30:50,"2,098","2,040","2,196"
2022-10-11 06:45:50,"2,059","2,001","2,137"
2022-10-11 08:01:00,"2,092","2,034","2,189"
2022-10-11 09:15:46,"2,053","1,995","2,131"
2022-10-11 10:30:43,"2,063","2,005","2,170"
2022-10-11 11:45:50,"2,053","1,995","2,131"
2022-10-11 13:00:56,"2,053","1,995","2,131"
2022-10-11 14:15:43,"2,053","1,995","2,131"
2022-10-11 15:30:50,"2,034","1,976","2,092"
2022-10-11 16:45:55,"2,005","1,947","2,063"
2022-10-11 18:00:50,"2,015","1,957","2,083"
2022-10-11 19:15:48,"1,957","1,937","2,034"
2022-10-11 20:30:42,"2,034","2,015","2,102"
2022-10-11 21:15:43,"1,966","1,908","2,102"
2022-10-11 22:01:56,"1,966","1,908","2,102"
2022-10-11 23:15:52,"1,966","1,908","2,102"
2022-10-12 00:31:23,"1,966","1,908","2,102"
2022-10-12 01:45:45,"1,966","1,908","2,102"
2022-10-12 03:00:51,"2,034","2,015","2,102"
2022-10-12 04:16:23,"2,083","2,024","2,160"
2022-10-12 05:30:53,"2,083","2,024","2,160"
2022-10-12 06:46:05,"2,053","2,015","2,112"
2022-10-12 08:00:45,"2,109","2,050","2,177"
2022-10-12 09:15:42,"2,099","2,041","2,138"
2022-10-12 10:31:01,"2,011","1,953","2,109"
2022-10-12 11:45:46,"1,973","1,914","2,109"
2022-10-12 13:00:50,"1,904","1,875","2,050"
2022-10-12 14:15:46,"1,943","1,885","2,099"
2022-10-12 15:30:50,"1,934","1,875","2,079"
2022-10-12 16:46:10,"1,866","1,846","2,031"
2022-10-12 18:00:45,"1,895","1,846","2,070"
2022-10-12 19:16:02,"2,011","1,992","2,118"
2022-10-12 20:30:50,"2,011","1,992","2,118"
2022-10-12 21:46:06,"1,934","1,875","2,079"
2022-10-12 22:16:32,"1,934","1,875","2,079"
2022-10-12 23:30:48,"1,934","1,875","2,079"
2022-10-13 00:46:16,"1,934","1,875","2,079"
2022-10-13 02:00:54,"1,934","1,875","2,079"
2022-10-13 03:15:49,"2,089","2,031","2,177"
2022-10-13 04:30:47,"2,089","2,031","2,177"
2022-10-13 05:31:05,"2,089","2,031","2,177"
2022-10-13 06:46:01,"2,060","2,002","2,138"
2022-10-13 08:01:00,"2,102","2,044","2,179"
2022-10-13 09:01:49,"2,102","2,044","2,170"
2022-10-13 10:16:30,"1,985","1,927","2,111"
2022-10-13 11:31:35,"1,966","1,908","2,063"
2022-10-13 12:46:47,"1,889","1,859","2,015"
2022-10-13 14:01:56,"1,927","1,869","2,053"
2022-10-13 15:17:35,"1,918","1,859","2,034"
2022-10-13 16:32:03,"1,869","1,840","2,015"
2022-10-13 17:46:52,"1,889","1,840","2,044"
2022-10-13 19:01:47,"1,859","1,840","2,015"
2022-10-13 20:17:14,"2,005","1,985","2,111"
2022-10-13 21:31:56,"1,927","1,869","2,073"
2022-10-13 22:46:56,"1,927","1,869","2,092"
2022-10-14 00:02:05,"1,927","1,869","2,092"
2022-10-14 01:17:14,"1,927","1,869","2,092"
2022-10-14 02:31:46,"1,927","1,869","2,092"
2022-10-14 03:46:56,"2,092","2,034","2,199"
2022-10-14 05:02:04,"2,092","2,034","2,199"
2022-10-14 06:16:50,"2,082","2,024","2,179"
2022-10-14 07:01:48,"2,053","1,995","2,150"
2022-10-14 08:16:43,"2,133","2,074","2,221"
2022-10-14 09:31:51,"2,084","2,025","2,182"
2022-10-14 10:46:49,"1,996","1,937","2,123"
2022-10-14 12:01:58,"1,966","1,908","2,103"
2022-10-14 13:16:58,"1,947","1,888","2,103"
2022-10-14 14:31:58,"1,947","1,888","2,074"
2022-10-14 15:47:04,"1,937","1,878","2,054"
2022-10-14 16:16:59,"1,917","1,869","2,045"
2022-10-14 17:31:53,"1,947","1,888","2,064"
2022-10-14 18:46:48,"1,937","1,878","2,064"
2022-10-14 20:02:00,"2,054","2,035","2,133"
2022-10-14 20:16:54,"2,054","2,035","2,133"
2022-10-14 21:32:40,"1,957","1,898","2,084"
2022-10-14 22:46:54,"1,976","1,917","2,103"
2022-10-15 00:02:16,"1,976","1,917","2,103"
2022-10-15 01:17:14,"1,976","1,917","2,103"
2022-10-15 02:31:59,"1,976","1,917","2,103"
2022-10-15 03:47:22,"2,123","2,064","2,211"
2022-10-15 05:01:47,"2,123","2,064","2,211"
2022-10-15 06:16:50,"2,103","2,064","2,192"
2022-10-15 07:32:13,"2,152","2,094","2,182"
2022-10-15 08:47:26,"2,084","2,064","2,162"
2022-10-15 10:01:50,"1,947","1,888","2,074"
2022-10-15 11:17:17,"1,957","1,898","2,123"
2022-10-15 12:31:41,"1,937","1,878","2,103"
2022-10-15 13:46:46,"1,937","1,878","2,103"
2022-10-15 15:01:52,"1,927","1,869","2,064"
2022-10-15 16:17:02,"1,927","1,869","2,084"
2022-10-15 17:31:46,"1,937","1,878","2,074"
2022-10-15 18:46:50,"1,917","1,869","2,064"
2022-10-15 20:01:49,"1,947","1,927","2,094"
2022-10-15 21:17:01,"1,976","1,917","2,113"
2022-10-15 22:31:44,"1,976","1,917","2,113"
2022-10-15 23:48:03,"1,976","1,917","2,113"
2022-10-16 01:01:59,"1,976","1,917","2,113"
2022-10-16 02:17:57,"1,976","1,917","2,113"
2022-10-16 03:31:55,"2,123","2,064","2,211"
2022-10-16 04:46:55,"2,123","2,064","2,211"
2022-10-16 06:01:56,"2,123","2,064","2,211"
2022-10-16 07:16:48,"2,133","2,074","2,240"
2022-10-16 08:32:17,"2,045","1,986","2,133"
2022-10-16 09:47:14,"1,957","1,898","2,084"
2022-10-16 11:01:53,"1,976","1,917","2,123"
2022-10-16 12:17:04,"1,957","1,898","2,103"
2022-10-16 13:32:08,"1,947","1,888","2,113"
2022-10-16 14:32:10,"1,927","1,869","2,094"
2022-10-16 14:46:54,"1,927","1,869","2,094"
2022-10-16 16:01:48,"1,947","1,888","2,094"
2022-10-16 17:16:50,"1,937","1,878","2,084"
2022-10-16 18:31:54,"1,927","1,869","2,074"
2022-10-16 19:47:29,"1,908","1,849","2,064"
2022-10-16 21:02:06,"1,976","1,917","2,123"
2022-10-16 22:17:18,"1,976","1,917","2,123"
2022-10-16 23:32:24,"1,976","1,917","2,123"
2022-10-17 00:47:09,"1,976","1,917","2,123"
2022-10-17 02:01:57,"1,976","1,917","2,123"
2022-10-17 03:17:33,"2,123","2,064","2,211"
2022-10-17 04:31:45,"2,123","2,064","2,211"
2022-10-17 05:46:51,"2,123","2,064","2,201"
2022-10-17 07:01:53,"2,103","2,064","2,192"
2022-10-17 08:17:08,"2,140","2,082","2,237"
2022-10-17 09:32:05,"2,082","2,023","2,198"
2022-10-17 10:47:25,"2,004","1,945","2,140"
2022-10-17 12:02:06,"1,975","1,916","2,111"
2022-10-17 13:17:51,"1,945","1,887","2,091"
2022-10-17 14:31:51,"1,926","1,868","2,072"
2022-10-17 15:47:14,"1,926","1,868","2,062"
2022-10-17 17:02:08,"1,887","1,868","2,033"
2022-10-17 18:02:11,"1,916","1,868","2,062"
2022-10-17 18:17:24,"1,916","1,868","2,062"
2022-10-17 19:31:56,"2,033","2,014","2,140"
2022-10-17 20:47:07,"2,033","2,014","2,140"
2022-10-17 22:01:48,"1,936","1,877","2,101"
2022-10-17 23:16:51,"1,936","1,877","2,101"
2022-10-17 23:31:51,"1,936","1,877","2,101"
2022-10-18 00:46:48,"1,936","1,877","2,101"
2022-10-18 02:02:22,"1,936","1,877","2,101"
2022-10-18 02:47:18,"1,936","1,877","2,101"
2022-10-18 04:02:17,"2,101","2,043","2,198"
2022-10-18 05:16:45,"2,101","2,043","2,198"
2022-10-18 06:31:44,"2,072","2,014","2,169"
2022-10-18 07:47:07,"2,149","2,090","2,258"
2022-10-18 08:31:48,"2,149","2,090","2,258"
2022-10-18 09:46:47,"1,972","1,913","2,110"
2022-10-18 10:47:06,"1,991","1,932","2,149"
2022-10-18 12:02:45,"1,942","1,883","2,139"
2022-10-18 13:17:33,"1,962","1,903","2,110"
2022-10-18 14:32:10,"1,922","1,863","2,100"
2022-10-18 15:47:48,"1,942","1,883","2,100"
2022-10-18 16:02:29,"1,932","1,873","2,090"
2022-10-18 17:17:37,"1,942","1,883","2,110"
2022-10-18 18:32:12,"1,903","1,853","2,070"
2022-10-18 19:17:07,"2,021","2,001","2,149"
2022-10-18 20:32:44,"2,021","2,001","2,149"
2022-10-18 21:47:15,"1,972","1,913","2,139"
2022-10-18 23:02:55,"1,972","1,913","2,139"
2022-10-19 00:17:08,"1,972","1,913","2,139"
2022-10-19 01:32:44,"1,972","1,913","2,139"
2022-10-19 02:47:20,"1,972","1,913","2,139"
2022-10-19 04:02:27,"2,110","2,051","2,228"
2022-10-19 05:17:24,"2,110","2,051","2,228"
2022-10-19 06:32:18,"1,942","1,922","2,110"
2022-10-19 07:47:18,"1,993","1,934","2,160"
2022-10-19 09:02:42,"1,944","1,885","2,130"
2022-10-19 10:17:05,"1,954","1,895","2,140"
2022-10-19 11:32:32,"1,944","1,885","2,140"
2022-10-19 12:48:00,"1,875","1,846","2,091"
2022-10-19 13:47:25,"1,924","1,865","2,121"
2022-10-19 14:02:15,"1,924","1,865","2,121"
2022-10-19 15:17:13,"1,934","1,875","2,091"
2022-10-19 16:32:42,"1,895","1,836","2,062"
2022-10-19 17:47:36,"1,914","1,855","2,091"
2022-10-19 19:02:09,"1,875","1,836","2,052"
2022-10-19 20:17:05,"1,954","1,934","2,140"
2022-10-19 21:32:22,"1,954","1,895","2,130"
2022-10-19 22:47:06,"1,954","1,895","2,130"
2022-10-20 00:02:11,"1,954","1,895","2,130"
2022-10-20 01:17:09,"1,954","1,895","2,130"
2022-10-20 02:32:10,"1,954","1,895","2,130"
2022-10-20 03:47:43,"2,091","2,032","2,199"
2022-10-20 04:47:45,"2,091","2,032","2,199"
2022-10-20 05:02:09,"2,091","2,032","2,199"
2022-10-20 06:17:47,"2,081","2,022","2,199"
2022-10-20 07:33:02,"2,055","1,997","2,222"
2022-10-20 08:47:13,"2,055","1,997","2,222"
2022-10-20 09:51:50,"2,016","1,957","2,183"
2022-10-20 11:06:50,"2,065","2,006","2,232"
2022-10-20 12:21:55,"1,957","1,899","2,114"
2022-10-20 13:37:07,"1,938","1,879","2,114"
2022-10-20 14:51:50,"1,918","1,859","2,085"
2022-10-20 19:56:51,"2,026","2,006","2,134"
2022-10-20 21:42:27,"1,918","1,859","2,134"
2022-10-20 23:13:11,"1,928","1,869","2,134"
2022-10-21 00:59:10,"1,928","1,869","2,134"
2022-10-21 03:30:56,"2,085","2,026","2,212"
2022-10-21 05:01:55,"2,085","2,026","2,212"
2022-10-21 06:03:08,"2,075","2,016","2,202"
2022-10-21 07:13:49,"2,065","2,006","2,202"
2022-10-21 08:29:17,"2,109","2,050","2,206"
2022-10-21 09:59:25,"1,923","1,864","2,079"
2022-10-21 11:14:55,"1,952","1,894","2,138"
2022-10-21 12:45:28,"1,884","1,864","2,069"
2022-10-21 14:00:12,"1,913","1,864","2,109"
2022-10-21 15:31:03,"1,884","1,864","2,099"
2022-10-21 16:45:39,"1,884","1,864","2,109"
2022-10-21 17:45:42,"1,884","1,864","2,099"
2022-10-21 18:00:33,"1,884","1,864","2,079"
2022-10-21 19:15:34,"1,884","1,864","2,069"
2022-10-21 20:31:03,"1,903","1,864","2,118"
2022-10-21 21:45:31,"1,903","1,845","2,118"
2022-10-21 23:00:45,"1,903","1,845","2,118"
2022-10-22 00:15:20,"1,903","1,845","2,118"
2022-10-22 01:30:48,"1,903","1,845","2,118"
2022-10-22 02:15:39,"1,903","1,845","2,118"
2022-10-22 03:30:50,"2,079","2,021","2,196"
2022-10-22 04:47:13,"2,079","2,021","2,196"
2022-10-22 06:01:07,"2,079","2,021","2,196"
2022-10-22 07:15:44,"2,099","2,040","2,216"
2022-10-22 08:31:02,"1,933","1,874","2,099"
2022-10-22 09:45:38,"1,884","1,864","2,060"
2022-10-22 11:01:12,"1,894","1,864","2,099"
2022-10-22 12:16:01,"1,884","1,864","2,079"
2022-10-22 13:31:08,"1,884","1,864","2,089"
2022-10-22 14:45:39,"1,884","1,864","2,069"
2022-10-22 16:00:25,"1,884","1,864","2,079"
2022-10-22 17:15:24,"1,884","1,864","2,079"
2022-10-22 18:30:27,"1,884","1,864","2,069"
2022-10-22 19:45:22,"1,884","1,864","2,050"
2022-10-22 21:00:26,"1,903","1,845","2,118"
2022-10-22 22:16:18,"1,903","1,845","2,118"
2022-10-22 23:30:54,"1,903","1,845","2,118"
2022-10-23 00:45:28,"1,903","1,845","2,118"
2022-10-23 02:00:20,"1,903","1,845","2,118"
2022-10-23 03:15:30,"2,079","2,021","2,196"
2022-10-23 03:45:52,"2,079","2,021","2,196"
2022-10-23 05:00:45,"2,079","2,021","2,196"
2022-10-23 06:15:44,"2,079","2,021","2,196"
2022-10-23 07:31:08,"2,040","1,982","2,167"
2022-10-23 08:35:28,"1,962","1,903","2,099"
2022-10-23 09:51:11,"1,884","1,864","2,050"
2022-10-23 11:05:46,"1,894","1,864","2,099"
2022-10-23 12:20:44,"1,884","1,864","2,050"
2022-10-23 13:21:24,"1,884","1,864","2,089"
2022-10-23 14:35:34,"1,884","1,864","2,079"
2022-10-23 15:50:38,"1,884","1,864","2,069"
2022-10-23 16:35:42,"1,884","1,864","2,060"
2022-10-23 17:50:42,"1,884","1,864","2,079"
2022-10-23 19:06:16,"1,864","1,806","2,060"
2022-10-23 20:20:54,"1,903","1,845","2,118"
2022-10-23 21:36:12,"1,903","1,845","2,118"
2022-10-23 22:51:22,"1,903","1,845","2,118"
2022-10-24 00:06:02,"1,903","1,845","2,118"
2022-10-24 01:21:33,"1,903","1,845","2,118"
2022-10-24 02:36:00,"1,903","1,845","2,118"
2022-10-24 03:50:56,"2,079","2,021","2,196"
2022-10-24 04:50:37,"2,079","2,021","2,196"
2022-10-24 06:06:05,"2,079","2,021","2,196"
2022-10-24 07:20:58,"2,018","1,958","2,175"
2022-10-24 08:36:00,"2,018","1,958","2,165"
2022-10-24 09:51:01,"1,939","1,880","2,086"
2022-10-24 11:06:00,"1,949","1,890","2,126"
2022-10-24 12:21:04,"1,899","1,880","2,077"
2022-10-24 13:37:28,"1,899","1,880","2,096"
2022-10-24 14:51:33,"1,978","1,958","2,126"
2022-10-24 15:06:07,"1,978","1,958","2,126"
2022-10-24 16:20:58,"1,978","1,958","2,126"
2022-10-24 16:36:17,"1,860","1,811","2,057"
2022-10-24 17:51:11,"1,890","1,830","2,096"
2022-10-24 19:05:39,"1,840","1,811","2,037"
2022-10-24 20:05:41,"1,968","1,949","2,146"
2022-10-24 20:21:13,"1,968","1,949","2,146"
2022-10-24 21:37:03,"1,919","1,860","2,116"
2022-10-24 22:50:59,"1,919","1,860","2,116"
2022-10-25 00:06:03,"1,919","1,860","2,116"
2022-10-25 01:20:37,"1,919","1,860","2,116"
2022-10-25 02:51:17,"1,919","1,860","2,116"
2022-10-25 04:06:24,"2,096","2,037","2,234"
2022-10-25 05:21:26,"2,096","2,037","2,234"
2022-10-25 06:35:57,"1,880","1,850","2,067"
2022-10-25 07:50:33,"1,932","1,873","2,129"
2022-10-25 09:06:00,"1,922","1,863","2,090"
2022-10-25 10:21:00,"1,932","1,873","2,119"
2022-10-25 11:50:46,"1,912","1,853","2,090"
2022-10-25 13:06:09,"1,883","1,823","2,080"
2022-10-25 14:21:00,"1,892","1,833","2,090"
2022-10-25 15:21:02,"1,892","1,833","2,070"
2022-10-25 15:36:46,"1,892","1,833","2,070"
2022-10-25 16:36:49,"1,883","1,823","2,060"
2022-10-25 16:50:49,"1,883","1,823","2,060"
2022-10-25 18:07:03,"1,883","1,823","2,070"
2022-10-25 19:07:49,"2,030","2,011","2,149"
2022-10-25 20:22:48,"2,030","2,011","2,149"
2022-10-25 21:37:58,"1,902","1,843","2,109"
2022-10-25 22:52:14,"1,902","1,843","2,109"
2022-10-26 00:07:39,"1,902","1,843","2,109"
2022-10-26 01:22:12,"1,902","1,843","2,109"
2022-10-26 02:37:08,"1,902","1,843","2,109"
2022-10-26 03:52:26,"2,080","2,021","2,218"
2022-10-26 05:07:32,"2,080","2,021","2,218"
2022-10-26 06:22:09,"2,060","2,011","2,218"
2022-10-26 07:37:11,"2,146","2,086","2,255"
2022-10-26 08:52:10,"2,136","2,076","2,245"
2022-10-26 10:07:27,"1,986","1,926","2,146"
2022-10-26 11:22:41,"1,976","1,916","2,136"
2022-10-26 12:37:19,"1,896","1,836","2,066"
2022-10-26 13:37:15,"1,916","1,856","2,116"
2022-10-26 14:52:10,"1,876","1,816","2,096"
2022-10-26 15:22:18,"1,906","1,846","2,096"
2022-10-26 16:37:27,"1,876","1,816","2,056"
2022-10-26 17:52:25,"1,916","1,856","2,086"
2022-10-26 18:23:11,"1,906","1,846","2,086"
2022-10-26 19:38:20,"1,986","1,966","2,175"
2022-10-26 20:52:59,"1,986","1,966","2,175"
2022-10-26 22:07:17,"1,936","1,876","2,126"
2022-10-26 23:22:15,"1,936","1,876","2,126"
2022-10-27 00:37:15,"1,936","1,876","2,126"
2022-10-27 01:52:24,"1,936","1,876","2,126"
2022-10-27 02:22:28,"1,936","1,876","2,126"
2022-10-27 03:37:40,"2,106","2,046","2,245"
2022-10-27 04:52:10,"2,106","2,046","2,245"
2022-10-27 05:22:19,"2,106","2,046","2,245"
2022-10-27 06:37:31,"2,036","1,976","2,205"
2022-10-27 07:52:44,"2,020","1,960","2,252"
2022-10-27 09:07:22,"2,010","1,950","2,232"
2022-10-27 10:22:35,"1,980","1,920","2,151"
2022-10-27 11:37:20,"1,960","1,900","2,131"
2022-10-27 12:52:46,"1,910","1,850","2,081"
2022-10-27 14:07:08,"1,950","1,890","2,131"
2022-10-27 15:07:10,"1,980","1,920","2,151"
2022-10-27 15:22:08,"1,930","1,870","2,101"
2022-10-27 16:38:11,"1,910","1,850","2,081"
2022-10-27 17:52:36,"1,940","1,880","2,121"
2022-10-27 19:07:25,"1,900","1,839","2,081"
2022-10-27 20:22:20,"2,000","1,980","2,191"
2022-10-27 21:37:31,"1,930","1,870","2,141"
2022-10-27 22:52:38,"1,930","1,870","2,141"
2022-10-28 00:07:45,"1,930","1,870","2,141"
2022-10-28 01:22:24,"1,930","1,870","2,141"
2022-10-28 02:38:08,"1,930","1,870","2,141"
2022-10-28 03:52:12,"2,121","2,061","2,262"
2022-10-28 05:07:08,"2,121","2,061","2,262"
2022-10-28 06:23:03,"2,010","1,980","2,191"
2022-10-28 07:37:36,"1,933","1,873","2,112"
2022-10-28 08:52:58,"1,903","1,843","2,072"
2022-10-28 10:07:32,"1,903","1,843","2,112"
2022-10-28 11:22:32,"1,923","1,863","2,102"
2022-10-28 12:37:10,"1,843","1,813","2,052"
2022-10-28 13:52:25,"1,913","1,853","2,092"
2022-10-28 15:07:09,"1,883","1,823","2,072"
2022-10-28 16:22:37,"1,873","1,813","2,052"
2022-10-28 17:37:40,"1,893","1,833","2,082"
2022-10-28 18:52:38,"1,843","1,813","2,062"
2022-10-28 19:37:56,"1,962","1,942","2,172"
2022-10-28 20:52:30,"1,962","1,942","2,172"
2022-10-28 22:07:20,"1,923","1,863","2,122"
2022-10-28 23:22:27,"1,923","1,863","2,122"
2022-10-28 23:37:54,"1,923","1,863","2,122"
2022-10-29 00:52:11,"1,923","1,863","2,122"
2022-10-29 02:07:36,"1,923","1,863","2,122"
2022-10-29 03:23:09,"2,102","2,042","2,271"
2022-10-29 04:37:47,"2,102","2,042","2,271"
2022-10-29 05:07:43,"2,102","2,042","2,271"
2022-10-29 06:22:16,"2,102","2,042","2,251"
2022-10-29 07:37:20,"2,042","1,982","2,212"
2022-10-29 08:52:20,"2,002","1,942","2,172"
2022-10-29 10:07:32,"1,952","1,893","2,152"
2022-10-29 11:22:28,"1,923","1,873","2,132"
2022-10-29 12:37:17,"1,893","1,873","2,092"
2022-10-29 13:52:31,"1,913","1,873","2,102"
2022-10-29 15:07:37,"1,893","1,873","2,102"
2022-10-29 16:22:51,"1,893","1,873","2,092"
2022-10-29 17:37:12,"1,903","1,843","2,102"
2022-10-29 18:37:53,"1,893","1,833","2,092"
2022-10-29 19:52:28,"1,903","1,883","2,112"
2022-10-29 21:07:40,"1,933","1,873","2,132"
2022-10-29 22:22:44,"1,933","1,873","2,132"
2022-10-29 23:37:29,"1,933","1,873","2,132"
2022-10-30 00:52:14,"1,933","1,873","2,132"
2022-10-30 02:07:09,"1,933","1,873","2,132"
2022-10-30 03:22:08,"1,933","1,873","2,132"
2022-10-30 04:37:13,"2,102","2,042","2,271"
2022-10-30 05:52:47,"2,102","2,042","2,271"
2022-10-30 07:07:09,"2,102","2,042","2,271"
2022-10-30 08:22:10,"2,002","1,942","2,172"
2022-10-30 09:37:49,"1,972","1,913","2,162"
2022-10-30 10:52:11,"1,903","1,883","2,112"
2022-10-30 12:07:44,"1,962","1,903","2,152"
2022-10-30 13:22:39,"1,903","1,863","2,102"
2022-10-30 14:37:23,"1,913","1,853","2,102"
2022-10-30 15:52:27,"1,893","1,833","2,082"
2022-10-30 17:07:31,"1,913","1,853","2,102"
2022-10-30 18:22:20,"1,913","1,853","2,102"
2022-10-30 19:37:23,"1,883","1,833","2,082"
2022-10-30 20:52:23,"1,863","1,803","2,072"
2022-10-30 21:22:36,"1,933","1,873","2,132"
2022-10-30 22:37:08,"1,933","1,873","2,132"
2022-10-30 23:52:26,"1,933","1,873","2,132"
2022-10-31 01:07:10,"1,933","1,873","2,132"
2022-10-31 02:22:47,"1,933","1,873","2,132"
2022-10-31 03:37:15,"1,933","1,873","2,132"
2022-10-31 04:22:13,"2,102","2,042","2,271"
2022-10-31 05:37:20,"2,102","2,042","2,271"
2022-10-31 06:52:36,"2,102","2,042","2,251"
2022-10-31 08:07:59,"2,112","2,052","2,291"
2022-10-31 09:23:09,"2,104","2,044","2,273"
2022-10-31 10:37:16,"2,054","1,995","2,213"
2022-10-31 11:56:10,"1,955","1,896","2,144"
2022-10-31 12:57:08,"1,935","1,876","2,124"
2022-10-31 14:11:57,"1,905","1,846","2,104"
2022-10-31 15:27:00,"1,905","1,846","2,104"
2022-10-31 16:41:52,"1,915","1,856","2,094"
2022-10-31 17:56:48,"1,886","1,826","2,064"
2022-10-31 19:11:47,"1,905","1,846","2,084"
2022-10-31 20:11:46,"2,074","2,054","2,164"
2022-10-31 21:27:08,"2,074","2,054","2,164"
2022-10-31 21:57:36,"2,074","2,054","2,164"
2022-10-31 23:13:19,"1,925","1,866","2,124"
2022-11-01 00:27:28,"1,925","1,866","2,124"
2022-11-01 01:42:25,"1,925","1,866","2,124"
2022-11-01 02:58:34,"1,925","1,866","2,124"
2022-11-01 03:59:02,"1,925","1,866","2,124"
2022-11-01 05:14:12,"2,094","2,054","2,243"
2022-11-01 06:29:02,"2,094","2,054","2,243"
2022-11-01 07:43:48,"2,074","2,054","2,193"
2022-11-01 08:58:51,"2,104","2,045","2,253"
2022-11-01 10:13:53,"2,025","1,965","2,203"
2022-11-01 11:28:57,"1,965","1,906","2,144"
2022-11-01 12:44:11,"1,965","1,906","2,134"
2022-11-01 13:58:51,"1,915","1,896","2,104"
2022-11-01 15:13:59,"2,015","1,995","2,174"
2022-11-01 16:28:47,"2,015","1,995","2,174"
2022-11-01 17:44:12,"2,015","1,995","2,174"
2022-11-01 18:59:22,"2,015","1,995","2,174"
2022-11-01 19:59:25,"2,015","1,995","2,174"
2022-11-01 20:14:22,"2,015","1,995","2,174"
2022-11-01 21:28:51,"2,015","1,995","2,174"
2022-11-01 22:44:20,"1,925","1,866","2,134"
2022-11-01 23:58:51,"1,925","1,866","2,134"
2022-11-02 01:14:32,"1,925","1,866","2,134"
2022-11-02 02:28:53,"1,925","1,866","2,134"
2022-11-02 03:44:45,"1,925","1,866","2,134"
2022-11-02 04:58:59,"2,084","2,025","2,243"
2022-11-02 06:13:51,"2,084","2,025","2,243"
2022-11-02 07:14:02,"2,064","2,015","2,213"
2022-11-02 08:28:49,"2,095","2,035","2,253"
2022-11-02 09:44:17,"2,075","2,015","2,243"
2022-11-02 10:28:46,"2,035","1,976","2,193"
2022-11-02 11:43:52,"1,946","1,887","2,134"
2022-11-02 12:58:46,"1,946","1,887","2,104"
2022-11-02 14:14:15,"1,917","1,857","2,075"
2022-11-02 15:29:06,"1,917","1,857","2,075"
2022-11-02 16:44:20,"1,857","1,798","2,055"
2022-11-02 17:59:00,"1,857","1,818","2,045"
2022-11-02 18:59:03,"1,867","1,818","2,075"
2022-11-02 19:13:48,"1,867","1,818","2,065"
2022-11-02 20:29:14,"1,966","1,946","2,154"
2022-11-02 21:43:59,"1,966","1,946","2,154"
2022-11-02 22:59:27,"1,907","1,847","2,104"
2022-11-03 00:14:30,"1,907","1,847","2,104"
2022-11-03 01:29:39,"1,907","1,847","2,104"
2022-11-03 02:43:56,"1,907","1,847","2,104"
2022-11-03 03:43:54,"1,907","1,847","2,104"
2022-11-03 04:58:49,"2,095","2,035","2,213"
2022-11-03 06:14:36,"2,095","2,035","2,213"
2022-11-03 07:29:30,"2,065","2,025","2,164"
2022-11-03 08:44:13,"2,093","2,034","2,191"
2022-11-03 09:58:58,"2,005","1,946","2,122"
2022-11-03 11:14:10,"1,946","1,887","2,112"
2022-11-03 12:29:27,"1,936","1,877","2,102"
2022-11-03 13:44:14,"1,887","1,829","2,044"
2022-11-03 14:58:57,"1,907","1,848","2,054"
2022-11-03 16:14:06,"1,887","1,829","2,014"
2022-11-03 17:44:27,"1,877","1,819","2,014"
2022-11-03 18:58:46,"1,907","1,848","2,024"
2022-11-03 20:14:27,"1,966","1,946","2,132"
2022-11-03 21:29:32,"1,966","1,946","2,132"
2022-11-03 21:44:17,"1,966","1,946","2,132"
2022-11-03 22:59:50,"1,936","1,877","2,073"
2022-11-04 00:14:57,"1,936","1,877","2,073"
2022-11-04 01:44:24,"1,936","1,877","2,073"
2022-11-04 02:59:27,"1,936","1,877","2,073"
2022-11-04 04:14:13,"2,073","2,014","2,171"
2022-11-04 05:29:06,"2,073","2,014","2,210"
2022-11-04 06:44:28,"2,073","2,014","2,171"
2022-11-04 07:59:17,"1,917","1,858","2,132"
2022-11-04 09:14:31,"1,971","1,913","2,186"
2022-11-04 10:29:11,"1,893","1,835","2,069"
2022-11-04 11:44:18,"1,932","1,874","2,059"
2022-11-04 12:59:29,"1,874","1,815","2,001"
2022-11-04 14:14:11,"1,913","1,854","2,040"
2022-11-04 15:29:55,"1,903","1,844","2,020"
2022-11-04 16:44:37,"1,903","1,844","2,020"
2022-11-04 17:59:11,"1,874","1,815","2,001"
2022-11-04 19:14:36,"1,893","1,835","2,030"
2022-11-04 20:29:37,"1,952","1,932","2,128"
2022-11-04 21:44:27,"1,952","1,932","2,128"
2022-11-04 22:59:56,"1,932","1,874","2,069"
2022-11-05 00:14:08,"1,932","1,874","2,069"
2022-11-05 01:29:19,"1,932","1,874","2,069"
2022-11-05 02:44:10,"1,932","1,874","2,069"
2022-11-05 03:59:12,"1,932","1,874","2,069"
2022-11-05 05:14:09,"2,069","2,010","2,186"
2022-11-05 06:29:05,"2,069","2,010","2,186"
2022-11-05 07:44:20,"2,050","2,010","2,176"
2022-11-05 08:59:11,"1,991","1,932","2,118"
2022-11-05 10:14:16,"1,903","1,844","2,040"
2022-11-05 11:29:16,"1,932","1,874","2,059"
2022-11-05 12:59:59,"1,874","1,835","2,001"
2022-11-05 14:14:30,"1,923","1,864","2,050"
2022-11-05 15:34:49,"1,903","1,844","2,040"
2022-11-05 16:35:15,"1,903","1,854","2,030"
2022-11-05 18:05:18,"1,913","1,854","2,040"
2022-11-05 19:20:21,"1,893","1,835","2,020"
2022-11-05 20:35:15,"1,874","1,835","2,001"
2022-11-05 21:50:25,"1,932","1,893","2,079"
2022-11-05 22:50:19,"1,932","1,874","2,079"
2022-11-06 00:05:23,"1,932","1,874","2,079"
2022-11-06 01:20:10,"1,932","1,874","2,079"
2022-11-06 02:35:12,"1,932","1,874","2,079"
2022-11-06 03:50:08,"1,932","1,874","2,079"
2022-11-06 05:05:24,"2,069","2,010","2,186"
2022-11-06 06:20:14,"2,069","2,010","2,186"
2022-11-06 07:35:12,"2,069","2,010","2,186"
2022-11-06 08:50:15,"2,001","1,942","2,118"
2022-11-06 10:05:19,"1,913","1,854","2,040"
2022-11-06 11:20:07,"1,923","1,864","2,059"
2022-11-06 12:35:11,"1,913","1,854","2,059"
2022-11-06 13:50:07,"1,854","1,835","2,001"
2022-11-06 15:05:13,"1,893","1,835","2,050"
2022-11-06 16:20:14,"1,893","1,835","2,040"
2022-11-06 17:35:08,"1,884","1,835","2,030"
2022-11-06 18:50:08,"1,903","1,844","2,040"
2022-11-06 20:05:11,"1,874","1,815","2,001"
2022-11-06 21:20:10,"1,932","1,874","2,079"
2022-11-06 22:35:11,"1,932","1,874","2,079"
2022-11-06 23:50:13,"1,932","1,874","2,079"
2022-11-07 01:05:31,"1,932","1,874","2,079"
2022-11-07 02:20:07,"1,932","1,874","2,079"
2022-11-07 03:35:22,"1,932","1,874","2,079"
2022-11-07 04:50:15,"2,069","2,010","2,186"
2022-11-07 06:05:15,"2,069","2,010","2,186"
2022-11-07 07:20:53,"1,962","1,903","2,098"
2022-11-07 08:35:13,"2,054","1,995","2,193"
2022-11-07 09:50:07,"1,985","1,925","2,124"
2022-11-07 11:05:10,"2,004","1,945","2,143"
2022-11-07 12:20:16,"1,995","1,935","2,114"
2022-11-07 13:35:20,"1,895","1,875","2,024"
2022-11-07 14:50:33,"1,945","1,885","2,064"
2022-11-07 16:05:07,"1,915","1,856","2,044"
2022-11-07 17:20:08,"1,915","1,856","2,024"
2022-11-07 18:35:11,"1,935","1,875","2,054"
2022-11-07 19:50:10,"1,895","1,836","2,024"
2022-11-07 21:05:21,"1,985","1,965","2,074"
2022-11-07 22:20:13,"1,965","1,905","2,074"
2022-11-08 00:05:42,"1,965","1,905","2,074"
2022-11-08 01:16:51,"1,965","1,905","2,074"
2022-11-08 02:31:53,"1,965","1,905","2,074"
2022-11-08 03:46:54,"1,965","1,905","2,074"
2022-11-08 05:02:03,"2,114","2,054","2,203"
2022-11-08 05:47:41,"2,114","2,054","2,203"
2022-11-08 06:48:24,"2,114","2,054","2,203"
2022-11-08 07:55:59,"2,044","1,985","2,114"
2022-11-08 09:11:54,"2,109","2,049","2,169"
2022-11-08 10:26:43,"1,989","1,929","2,089"
2022-11-08 11:41:11,"1,999","1,939","2,109"
2022-11-08 12:56:02,"1,949","1,889","2,049"
2022-11-08 14:11:09,"1,959","1,899","2,059"
2022-11-08 15:26:21,"1,959","1,899","2,059"
2022-11-08 16:41:09,"1,939","1,879","2,039"
2022-11-08 17:56:01,"1,909","1,859","2,009"
2022-11-08 18:11:23,"1,949","1,889","2,049"
2022-11-08 19:25:59,"1,949","1,889","2,049"
2022-11-08 20:41:46,"1,999","1,979","2,079"
2022-11-08 21:57:01,"1,999","1,979","2,089"
2022-11-08 23:12:11,"1,969","1,909","2,089"
2022-11-09 00:26:29,"1,969","1,909","2,089"
2022-11-09 01:41:41,"1,969","1,909","2,089"
2022-11-09 02:56:21,"1,969","1,909","2,089"
2022-11-09 04:11:25,"2,109","2,049","2,199"
2022-11-09 05:26:09,"2,109","2,049","2,199"
2022-11-09 06:26:05,"2,109","2,049","2,199"
2022-11-09 07:41:00,"2,049","1,989","2,109"
2022-11-09 08:55:58,"2,113","2,052","2,173"
2022-11-09 10:11:16,"1,951","1,891","2,042"
2022-11-09 11:26:47,"1,992","1,931","2,062"
2022-11-09 12:12:42,"1,982","1,921","2,062"
2022-11-09 13:26:57,"1,921","1,871","2,002"
2022-11-09 13:41:10,"1,921","1,871","2,002"
2022-11-09 14:56:49,"1,962","1,901","2,052"
2022-11-09 15:56:52,"1,921","1,871","2,012"
2022-11-09 16:11:32,"1,921","1,871","2,022"
2022-11-09 17:26:28,"1,931","1,871","2,012"
2022-11-09 18:11:17,"1,941","1,881","2,032"
2022-11-09 19:26:23,"1,931","1,871","2,022"
2022-11-09 20:26:24,"2,012","1,992","2,092"
2022-11-09 21:41:25,"2,012","1,992","2,092"
2022-11-09 22:56:04,"1,982","1,921","2,072"
2022-11-10 00:11:35,"1,982","1,921","2,072"
2022-11-10 01:25:58,"1,982","1,921","2,072"
2022-11-10 02:41:19,"1,982","1,921","2,072"
2022-11-10 03:56:04,"1,982","1,921","2,072"
2022-11-10 05:11:35,"2,113","2,052","2,183"
2022-11-10 06:26:38,"2,113","2,052","2,183"
2022-11-10 06:56:21,"2,113","2,052","2,183"
2022-11-10 08:11:24,"2,123","2,062","2,183"
2022-11-10 09:26:30,"2,109","2,049","2,169"
2022-11-10 10:41:35,"1,959","1,899","2,019"
2022-11-10 11:56:27,"1,999","1,939","2,059"
2022-11-10 13:12:14,"1,929","1,869","1,989"
2022-11-10 14:27:41,"1,939","1,879","2,029"
2022-11-10 15:41:33,"1,919","1,859","1,979"
2022-11-10 16:56:20,"1,909","1,849","1,979"
2022-11-10 17:57:13,"1,889","1,849","1,949"
2022-11-10 19:12:31,"1,919","1,859","1,989"
2022-11-10 19:57:28,"1,879","1,849","1,959"
2022-11-10 21:11:57,"1,999","1,979","2,079"
2022-11-10 21:42:20,"1,999","1,979","2,079"
2022-11-10 22:57:14,"1,959","1,899","2,029"
2022-11-11 00:12:07,"1,959","1,899","2,029"
2022-11-11 01:12:49,"1,959","1,899","2,029"
2022-11-11 02:28:07,"1,959","1,899","2,029"
2022-11-11 03:42:17,"1,959","1,899","2,029"
2022-11-11 04:57:09,"2,079","2,019","2,129"
2022-11-11 06:13:17,"2,079","2,019","2,149"
2022-11-11 07:27:13,"2,039","1,979","2,119"
2022-11-11 08:42:07,"2,150","2,089","2,222"
2022-11-11 10:12:28,"2,027","1,976","2,079"
2022-11-11 11:27:36,"2,038","1,976","2,089"
2022-11-11 12:42:10,"1,997","1,935","2,038"
2022-11-11 13:57:57,"1,935","1,874","2,017"
2022-11-11 15:12:25,"1,966","1,904","2,038"
2022-11-11 16:27:57,"1,966","1,904","2,027"
2022-11-11 17:27:59,"1,935","1,915","1,997"
2022-11-11 17:43:12,"1,935","1,915","1,997"
2022-11-11 18:58:13,"1,945","1,884","2,007"
2022-11-11 20:12:57,"2,048","2,027","2,130"
2022-11-11 21:27:11,"2,048","2,027","2,130"
2022-11-11 22:42:43,"1,986","1,925","2,048"
2022-11-11 23:57:39,"1,986","1,925","2,048"
2022-11-12 01:12:51,"1,986","1,925","2,048"
2022-11-12 02:27:30,"1,986","1,925","2,048"
2022-11-12 03:43:19,"1,986","1,925","2,048"
2022-11-12 04:42:48,"2,120","2,058","2,171"
2022-11-12 05:57:11,"2,140","2,079","2,171"
2022-11-12 07:12:13,"2,130","2,068","2,202"
2022-11-12 08:27:07,"2,120","2,058","2,171"
2022-11-12 09:42:09,"1,966","1,904","2,027"
2022-11-12 10:57:21,"1,915","1,853","1,976"
2022-11-12 12:12:08,"1,966","1,904","2,027"
2022-11-12 13:20:16,"1,904","1,853","1,976"
2022-11-12 14:35:37,"1,956","1,894","2,017"
2022-11-12 15:50:28,"1,925","1,894","1,986"
2022-11-12 17:05:22,"1,945","1,894","2,007"
2022-11-12 18:20:39,"1,956","1,894","2,017"
2022-11-12 19:35:50,"1,915","1,874","1,997"
2022-11-12 20:50:10,"1,956","1,935","2,017"
2022-11-12 22:05:25,"1,986","1,925","2,048"
2022-11-12 23:20:12,"1,986","1,925","2,048"
2022-11-13 00:34:55,"1,986","1,925","2,048"
2022-11-13 01:19:54,"1,986","1,925","2,048"
2022-11-13 02:35:40,"1,986","1,925","2,048"
2022-11-13 03:05:00,"1,986","1,925","2,048"
2022-11-13 04:19:54,"2,120","2,058","2,171"
2022-11-13 05:35:00,"2,120","2,058","2,171"
2022-11-13 06:50:06,"2,120","2,058","2,171"
2022-11-13 08:05:55,"2,150","2,089","2,222"
2022-11-13 08:49:54,"2,130","2,068","2,181"
2022-11-13 10:04:53,"1,956","1,894","2,017"
2022-11-13 11:20:08,"1,966","1,904","2,027"
2022-11-13 12:35:31,"1,915","1,874","1,986"
2022-11-13 13:50:52,"1,904","1,874","1,976"
2022-11-13 15:05:16,"1,945","1,884","2,017"
2022-11-13 16:20:23,"1,945","1,884","2,007"
2022-11-13 17:35:21,"1,935","1,874","1,997"
2022-11-13 18:49:57,"1,956","1,894","2,007"
2022-11-13 20:05:29,"1,915","1,853","1,976"
2022-11-13 21:19:58,"1,986","1,925","2,048"
2022-11-13 22:35:45,"1,986","1,925","2,048"
2022-11-13 23:50:18,"1,986","1,925","2,048"
2022-11-14 01:04:59,"1,986","1,925","2,048"
2022-11-14 02:19:57,"1,986","1,925","2,048"
2022-11-14 03:34:56,"1,986","1,925","2,048"
2022-11-14 04:50:09,"2,120","2,058","2,171"
2022-11-14 06:04:53,"2,130","2,068","2,171"
2022-11-14 07:19:50,"2,099","2,058","2,150"
2022-11-14 08:35:23,"2,178","2,116","2,230"
2022-11-14 09:49:52,"2,106","2,044","2,168"
2022-11-14 11:04:58,"2,106","2,044","2,168"
2022-11-14 12:20:20,"2,106","2,044","2,168"
2022-11-14 13:22:44,"2,106","2,044","2,168"
2022-11-14 14:37:55,"2,106","2,044","2,168"
2022-11-14 15:52:56,"2,106","2,044","2,168"
2022-11-14 17:07:47,"2,106","2,044","2,168"
2022-11-14 18:22:49,"2,106","2,044","2,168"
2022-11-14 19:37:50,"2,106","2,044","2,168"
2022-11-14 20:52:50,"2,106","2,044","2,168"
2022-11-14 22:07:47,"1,992","1,930","2,054"
2022-11-14 23:22:54,"1,992","1,930","2,054"
2022-11-15 00:38:08,"1,992","1,930","2,054"
2022-11-15 01:07:52,"1,992","1,930","2,054"
2022-11-15 02:22:55,"1,992","1,930","2,054"
2022-11-15 03:38:01,"1,992","1,930","2,054"
2022-11-15 03:52:50,"1,992","1,930","2,054"
2022-11-15 04:53:15,"2,137","2,075","2,188"
2022-11-15 06:07:49,"2,137","2,075","2,188"
2022-11-15 07:22:49,"2,106","2,044","2,168"
2022-11-15 08:37:46,"2,143","2,080","2,237"
2022-11-15 09:45:00,"2,122","2,060","2,184"
2022-11-15 10:59:41,"2,122","2,060","2,184"
2022-11-15 12:15:31,"2,122","2,060","2,184"
2022-11-15 13:45:04,"2,122","2,060","2,184"
2022-11-15 14:59:53,"2,122","2,060","2,184"
2022-11-15 16:30:00,"2,122","2,060","2,184"
2022-11-15 17:44:43,"2,122","2,060","2,184"
2022-11-15 18:15:23,"2,122","2,060","2,184"
2022-11-15 19:30:27,"2,122","2,060","2,184"
2022-11-15 20:44:44,"2,122","2,060","2,184"
2022-11-15 22:00:11,"1,997","1,935","2,039"
2022-11-15 23:14:45,"1,997","1,935","2,039"
2022-11-16 00:14:47,"1,997","1,935","2,039"
2022-11-16 00:29:50,"1,997","1,935","2,039"
2022-11-16 01:44:49,"1,997","1,935","2,039"
2022-11-16 03:01:00,"1,997","1,935","2,039"
2022-11-16 03:15:32,"1,997","1,935","2,039"
2022-11-16 04:30:03,"2,122","2,060","2,174"
2022-11-16 05:45:05,"2,143","2,080","2,184"
2022-11-16 07:00:17,"2,122","2,060","2,184"
2022-11-16 08:15:16,"2,121","2,059","2,184"
2022-11-16 09:30:00,"2,121","2,059","2,184"
2022-11-16 10:44:59,"2,121","2,059","2,184"
2022-11-16 12:00:36,"1,996","1,934","2,028"
2022-11-16 13:15:09,"1,934","1,871","1,965"
2022-11-16 14:29:44,"1,976","1,913","2,007"
2022-11-16 15:45:11,"1,923","1,861","1,955"
2022-11-16 16:15:18,"1,944","1,882","1,976"
2022-11-16 17:30:05,"1,923","1,861","1,955"
2022-11-16 18:44:42,"1,955","1,892","1,986"
2022-11-16 19:01:03,"1,955","1,892","1,986"
2022-11-16 20:14:47,"2,080","2,059","2,059"
2022-11-16 21:30:04,"2,080","2,059","2,059"
2022-11-16 21:59:49,"2,080","2,059","2,059"
2022-11-16 23:14:54,"1,976","1,913","2,028"
2022-11-17 00:30:08,"1,976","1,913","2,028"
2022-11-17 00:45:36,"1,976","1,913","2,028"
2022-11-17 02:15:06,"1,976","1,913","2,028"
2022-11-17 03:30:30,"1,976","1,913","2,028"
2022-11-17 04:45:15,"2,121","2,059","2,184"
2022-11-17 06:00:54,"2,121","2,059","2,184"
2022-11-17 07:15:19,"2,111","2,048","2,163"
2022-11-17 08:30:08,"2,161","2,098","2,140"
2022-11-17 09:45:33,"2,036","1,974","2,067"
2022-11-17 11:00:17,"1,984","1,922","1,984"
2022-11-17 12:15:16,"1,994","1,932","2,015"
2022-11-17 13:30:10,"1,901","1,849","1,953"
2022-11-17 14:45:48,"1,942","1,880","1,994"
2022-11-17 15:15:07,"1,932","1,870","1,984"
2022-11-17 16:30:42,"1,911","1,849","1,953"
2022-11-17 17:45:30,"1,891","1,828","1,922"
2022-11-17 18:16:34,"1,922","1,859","1,963"
2022-11-17 19:32:42,"1,922","1,859","1,963"
2022-11-17 20:46:26,"1,974","1,953","2,057"
2022-11-17 21:46:32,"1,974","1,953","2,057"
2022-11-17 23:01:17,"1,953","1,891","2,005"
2022-11-18 00:17:03,"1,953","1,891","2,005"
2022-11-18 00:46:16,"1,953","1,891","2,005"
2022-11-18 02:01:16,"1,953","1,891","2,005"
2022-11-18 03:16:44,"1,953","1,891","2,005"
2022-11-18 04:47:01,"2,109","2,046","2,161"
2022-11-18 05:46:34,"2,140","2,078","2,182"
2022-11-18 07:01:27,"2,109","2,046","2,161"
2022-11-18 07:31:33,"2,057","1,994","2,140"
2022-11-18 09:01:43,"2,084","2,022","2,147"
2022-11-18 10:16:55,"2,022","1,960","2,084"
2022-11-18 11:32:05,"1,981","1,918","2,022"
2022-11-18 12:47:15,"1,939","1,877","1,981"
2022-11-18 14:02:34,"1,887","1,835","1,939"
2022-11-18 15:17:00,"1,918","1,856","1,970"
2022-11-18 16:32:08,"1,929","1,867","1,950"
2022-11-18 17:47:15,"1,929","1,867","1,960"
2022-11-18 19:02:28,"1,929","1,867","1,960"
2022-11-18 20:17:19,"2,064","2,043","2,157"
2022-11-18 21:32:25,"2,064","2,043","2,157"
2022-11-18 22:40:59,"1,929","1,867","2,001"
2022-11-18 23:55:52,"1,929","1,867","2,001"
2022-11-19 01:11:24,"1,929","1,867","2,001"
2022-11-19 02:25:48,"1,929","1,867","2,001"
2022-11-19 02:56:02,"1,991","1,929","2,022"
2022-11-19 03:56:02,"1,991","1,929","2,022"
2022-11-19 05:10:38,"2,095","2,043","2,157"
2022-11-19 06:40:33,"2,095","2,033","2,147"
2022-11-19 07:55:51,"2,053","2,033","2,105"
2022-11-19 09:11:35,"2,001","1,939","2,064"
2022-11-19 10:41:43,"1,877","1,815","1,950"
2022-11-19 11:56:10,"1,918","1,856","1,981"
2022-11-19 13:25:38,"1,846","1,804","1,929"
2022-11-19 14:41:22,"1,898","1,835","1,970"
2022-11-19 15:56:13,"1,877","1,835","1,939"
2022-11-19 17:10:50,"1,887","1,835","1,960"
2022-11-19 18:26:21,"1,887","1,825","1,970"
2022-11-19 19:41:00,"1,846","1,784","1,950"
2022-11-19 21:25:58,"1,898","1,835","1,960"
2022-11-19 22:41:02,"1,898","1,835","2,012"
2022-11-19 23:56:18,"1,898","1,835","2,012"
2022-11-20 01:26:37,"1,898","1,835","2,012"
2022-11-20 02:40:54,"1,898","1,835","2,012"
2022-11-20 03:56:00,"1,898","1,835","2,012"
2022-11-20 05:10:52,"2,095","2,033","2,147"
2022-11-20 06:26:38,"2,095","2,033","2,147"
2022-11-20 07:41:32,"2,095","2,033","2,136"
2022-11-20 08:55:38,"2,001","1,939","2,178"
2022-11-20 10:10:38,"1,846","1,825","1,960"
2022-11-20 11:25:44,"1,908","1,846","1,960"
2022-11-20 12:41:08,"1,877","1,867","1,950"
2022-11-20 13:41:59,"1,877","1,867","1,939"
2022-11-20 14:42:01,"1,898","1,835","1,950"
2022-11-20 14:56:53,"1,898","1,835","1,950"
2022-11-20 16:12:31,"1,877","1,815","1,939"
2022-11-20 17:27:44,"1,846","1,784","1,929"
2022-11-20 18:41:37,"1,887","1,825","1,950"
2022-11-20 19:41:39,"1,846","1,804","1,908"
2022-11-20 19:56:30,"1,846","1,804","1,908"
2022-11-20 21:12:08,"1,908","1,846","1,981"
2022-11-20 22:12:09,"1,908","1,846","1,981"
2022-11-20 22:26:38,"1,908","1,846","1,981"
2022-11-20 23:41:48,"1,908","1,846","1,981"
2022-11-21 00:56:31,"1,908","1,846","1,981"
2022-11-21 01:56:35,"1,908","1,846","1,981"
2022-11-21 03:11:40,"1,908","1,846","1,981"
2022-11-21 03:56:30,"1,908","1,846","1,981"
2022-11-21 05:12:06,"2,095","2,033","2,147"
2022-11-21 06:26:25,"2,095","2,033","2,147"
2022-11-21 07:41:50,"2,033","1,970","2,116"
2022-11-21 08:56:42,"2,009","1,948","2,122"
2022-11-21 10:11:25,"1,948","1,886","2,009"
2022-11-21 11:23:57,"1,937","1,886","1,968"
2022-11-21 12:39:38,"1,917","1,855","1,948"
2022-11-21 13:54:13,"1,835","1,773","1,896"
2022-11-21 15:24:48,"1,865","1,804","1,937"
2022-11-21 16:39:02,"1,865","1,804","1,906"
2022-11-21 18:08:57,"1,876","1,814","1,917"
2022-11-21 19:23:48,"1,855","1,794","1,906"
2022-11-21 20:38:44,"1,948","1,927","2,050"
2022-11-21 21:53:50,"1,948","1,927","2,050"
2022-11-21 22:23:45,"1,896","1,835","1,948"
2022-11-22 00:13:11,"1,896","1,835","1,948"
2022-11-22 01:28:43,"1,896","1,835","1,948"
2022-11-22 03:28:51,"1,896","1,835","1,948"
2022-11-22 04:43:48,"2,071","2,009","2,132"
2022-11-22 05:28:48,"2,101","2,040","2,142"
2022-11-22 06:43:50,"2,071","2,009","2,132"
2022-11-22 07:50:21,"1,999","1,937","2,081"
2022-11-22 09:06:00,"2,062","2,001","2,145"
2022-11-22 10:05:36,"1,908","1,847","1,980"
2022-11-22 11:20:10,"1,939","1,878","1,980"
2022-11-22 12:20:24,"1,929","1,867","1,970"
2022-11-22 13:06:09,"1,847","1,785","1,898"
2022-11-22 14:06:11,"1,878","1,816","1,919"
2022-11-22 14:21:06,"1,878","1,816","1,919"
2022-11-22 14:54:31,"1,878","1,816","1,919"
2022-11-22 16:05:52,"1,826","1,775","1,888"
2022-11-22 17:21:21,"1,816","1,775","1,888"
2022-11-22 17:36:37,"1,837","1,775","1,908"
2022-11-22 18:52:15,"1,847","1,785","1,908"
2022-11-22 20:06:16,"1,806","1,775","1,878"
2022-11-22 21:06:24,"1,939","1,919","2,032"
2022-11-22 22:22:00,"1,878","1,816","1,950"
2022-11-22 23:36:26,"1,878","1,816","1,950"
2022-11-23 00:06:25,"1,878","1,816","1,950"
2022-11-23 01:06:28,"1,878","1,816","1,950"
2022-11-23 01:21:19,"1,878","1,816","1,950"
2022-11-23 02:06:27,"1,878","1,816","1,950"
2022-11-23 03:06:44,"1,878","1,816","1,950"
2022-11-23 03:21:18,"1,878","1,816","1,950"
2022-11-23 04:21:20,"2,052","1,991","2,134"
2022-11-23 05:21:21,"2,104","2,042","2,145"
2022-11-23 06:21:24,"2,052","1,991","2,134"
2022-11-23 07:21:25,"2,021","1,960","2,073"
2022-11-23 08:21:28,"1,974","1,912","2,016"
2022-11-23 09:21:30,"1,974","1,912","2,016"
2022-11-23 10:21:32,"1,902","1,840","1,943"
2022-11-23 11:21:34,"1,933","1,871","1,995"
2022-11-23 12:21:37,"1,923","1,861","1,995"
2022-11-23 13:06:25,"1,840","1,809","1,912"
2022-11-23 14:06:27,"1,892","1,830","1,933"
2022-11-23 15:06:29,"1,871","1,809","1,943"
2022-11-23 16:06:32,"1,881","1,819","1,923"
2022-11-23 17:06:35,"1,881","1,819","1,923"
2022-11-23 18:06:38,"1,881","1,819","1,933"
2022-11-23 19:06:40,"1,871","1,809","1,933"
2022-11-23 20:06:42,"1,830","1,809","1,892"
2022-11-23 21:06:44,"1,995","1,974","2,026"
2022-11-23 22:06:47,"1,902","1,840","1,964"
2022-11-23 23:06:49,"1,902","1,840","1,964"
2022-11-24 00:06:51,"1,902","1,840","1,964"
2022-11-24 01:06:17,"1,902","1,840","1,964"
2022-11-24 02:06:19,"1,902","1,840","1,964"
2022-11-24 03:06:21,"1,902","1,840","1,964"
2022-11-24 04:06:24,"2,068","2,006","2,130"
2022-11-24 05:06:26,"2,068","2,006","2,130"
2022-11-24 06:06:28,"2,068","2,006","2,130"
2022-11-24 07:06:31,"2,057","1,995","2,119"
2022-11-24 08:06:33,"2,109","2,047","2,119"
2022-11-24 09:06:36,"2,113","2,051","2,134"
2022-11-24 10:06:38,"2,020","1,957","2,041"
2022-11-24 11:06:40,"1,957","1,895","2,020"
2022-11-24 12:06:43,"1,947","1,884","1,999"
2022-11-24 13:06:45,"1,853","1,822","1,916"
2022-11-24 14:06:47,"1,895","1,832","1,936"
2022-11-24 15:06:49,"1,874","1,811","1,947"
2022-11-24 16:06:50,"1,853","1,791","1,905"
2022-11-24 17:06:53,"1,853","1,791","1,905"
2022-11-24 18:06:55,"1,863","1,801","1,916"
2022-11-24 18:36:42,"1,863","1,801","1,926"
2022-11-24 19:21:26,"1,874","1,811","1,936"
2022-11-24 20:21:28,"1,822","1,791","1,895"
2022-11-24 21:21:30,"2,009","1,988","2,041"
2022-11-24 22:21:32,"1,895","1,832","1,957"
2022-11-24 23:21:35,"1,895","1,832","1,957"
2022-11-25 00:21:38,"1,895","1,832","1,957"
2022-11-25 01:21:40,"1,895","1,832","1,957"
2022-11-25 02:21:43,"1,895","1,832","1,957"
2022-11-25 03:21:45,"1,895","1,832","1,957"
2022-11-25 03:36:19,"1,895","1,832","1,957"
2022-11-25 04:36:21,"2,061","1,999","2,124"
2022-11-25 05:36:23,"2,103","2,041","2,145"
2022-11-25 06:36:25,"2,061","1,999","2,124"
2022-11-25 07:36:28,"2,061","1,999","2,124"
2022-11-25 08:36:30,"2,091","2,029","2,133"
2022-11-25 09:36:32,"2,050","1,987","2,091"
2022-11-25 10:36:35,"1,925","1,862","1,966"
2022-11-25 11:36:37,"1,925","1,862","1,966"
2022-11-25 12:36:39,"1,893","1,831","1,956"
2022-11-25 13:36:42,"1,873","1,810","1,925"
2022-11-25 14:36:44,"1,893","1,831","1,945"
2022-11-25 15:36:46,"1,873","1,810","1,925"
2022-11-25 16:36:48,"1,873","1,810","1,925"
2022-11-25 17:36:50,"1,831","1,789","1,914"
2022-11-25 18:36:53,"1,873","1,810","1,904"
2022-11-25 19:36:55,"1,873","1,810","1,904"
2022-11-25 20:36:57,"1,945","1,925","2,060"
2022-11-25 21:37:00,"1,945","1,925","2,060"
2022-11-25 22:37:02,"1,893","1,831","1,945"
2022-11-25 23:37:04,"1,893","1,831","1,945"
2022-11-26 00:37:07,"1,893","1,831","1,945"
2022-11-26 01:37:09,"1,893","1,831","1,945"
2022-11-26 02:21:23,"1,893","1,831","1,945"
2022-11-26 03:21:25,"1,893","1,831","1,945"
2022-11-26 04:21:28,"2,060","1,998","2,122"
2022-11-26 05:21:30,"2,102","2,039","2,154"
2022-11-26 06:21:32,"2,060","1,998","2,122"
2022-11-26 07:21:34,"2,070","2,008","2,133"
2022-11-26 08:21:37,"2,081","2,018","2,154"
2022-11-26 09:21:39,"1,904","1,841","1,987"
2022-11-26 10:21:41,"1,862","1,800","1,925"
2022-11-26 11:21:43,"1,893","1,831","1,925"
2022-11-26 12:21:46,"1,862","1,800","1,925"
2022-11-26 13:06:15,"1,831","1,769","1,873"
2022-11-26 14:06:17,"1,862","1,800","1,914"
2022-11-26 14:21:20,"1,862","1,800","1,914"
2022-11-26 15:21:40,"1,862","1,800","1,914"
2022-11-26 16:21:42,"1,873","1,810","1,904"
2022-11-26 17:21:45,"1,841","1,800","1,893"
2022-11-26 18:21:47,"1,873","1,810","1,914"
2022-11-26 19:36:31,"1,852","1,800","1,893"
2022-11-26 20:36:34,"1,831","1,800","1,873"
2022-11-26 21:36:35,"1,904","1,862","1,945"
2022-11-26 22:36:37,"1,904","1,841","1,945"
2022-11-26 23:36:40,"1,904","1,841","1,945"
2022-11-27 00:36:42,"1,904","1,841","1,945"
2022-11-27 01:36:44,"1,904","1,841","1,945"
2022-11-27 02:36:47,"1,904","1,841","1,945"
2022-11-27 03:36:49,"1,904","1,841","1,945"
2022-11-27 04:36:51,"2,060","1,998","2,122"
2022-11-27 05:36:54,"2,060","1,998","2,122"
2022-11-27 06:36:56,"2,060","1,998","2,122"
2022-11-27 07:36:58,"2,039","1,977","2,112"
2022-11-27 08:37:00,"1,966","1,904","2,050"
2022-11-27 09:37:02,"1,904","1,862","1,966"
2022-11-27 10:37:05,"1,883","1,862","1,925"
2022-11-27 11:21:37,"1,893","1,831","1,925"
2022-11-27 12:21:39,"1,883","1,821","1,925"
2022-11-27 13:21:41,"1,810","1,779","1,883"
2022-11-27 14:44:09,"1,862","1,800","1,914"
2022-11-27 15:44:11,"1,841","1,779","1,904"
2022-11-27 16:14:08,"1,862","1,800","1,914"
2022-11-27 17:14:11,"1,852","1,789","1,904"
2022-11-27 18:14:13,"1,862","1,800","1,904"
2022-11-27 19:14:16,"1,862","1,800","1,904"
2022-11-27 20:14:18,"1,852","1,789","1,883"
2022-11-27 21:14:21,"1,904","1,841","1,945"
2022-11-27 22:14:23,"1,904","1,841","1,945"
2022-11-27 23:14:25,"1,904","1,841","1,945"
2022-11-28 00:14:27,"1,904","1,841","1,945"
2022-11-28 01:14:29,"1,904","1,841","1,945"
2022-11-28 02:14:31,"1,904","1,841","1,945"
2022-11-28 03:14:34,"1,904","1,841","1,945"
2022-11-28 04:14:36,"2,060","1,998","2,122"
2022-11-28 05:14:38,"2,060","1,998","2,122"
2022-11-28 06:14:41,"2,060","1,998","2,122"
2022-11-28 06:49:16,"2,060","1,998","2,122"
2022-11-28 07:49:18,"1,998","1,977","2,070"
2022-11-28 08:49:21,"1,939","1,918","1,949"
2022-11-28 09:49:23,"1,939","1,918","1,939"
2022-11-28 10:49:25,"1,918","1,897","1,918"
2022-11-28 11:49:27,"1,908","1,846","1,960"
2022-11-28 12:49:29,"1,835","1,804","1,887"
2022-11-28 13:49:31,"1,825","1,804","1,866"
2022-11-28 14:49:34,"1,856","1,804","1,918"
2022-11-28 15:49:36,"1,825","1,804","1,866"
2022-11-28 16:49:38,"1,825","1,804","1,897"
2022-11-28 17:19:29,"1,825","1,804","1,887"
2022-11-28 18:19:32,"1,835","1,804","1,908"
2022-11-28 19:19:35,"1,825","1,804","1,897"
2022-11-28 20:19:51,"1,825","1,804","1,866"
2022-11-28 21:19:53,"1,866","1,804","1,949"
2022-11-28 22:19:56,"1,866","1,804","1,949"
2022-11-28 23:19:58,"1,866","1,804","1,949"
2022-11-29 00:20:02,"1,866","1,804","1,949"
2022-11-29 01:04:47,"1,866","1,804","1,949"
2022-11-29 02:04:49,"1,866","1,804","1,949"
2022-11-29 03:04:51,"1,866","1,804","1,949"
2022-11-29 04:04:53,"2,022","1,960","2,095"
2022-11-29 05:04:55,"2,022","1,960","2,095"
2022-11-29 06:04:57,"2,022","1,960","2,095"
2022-11-29 06:34:47,"2,022","1,960","2,095"
2022-11-29 07:34:49,"1,897","1,835","1,960"
2022-11-29 08:34:50,"1,951","1,888","1,930"
2022-11-29 09:34:52,"1,930","1,868","1,920"
2022-11-29 10:34:54,"1,878","1,816","1,878"
2022-11-29 11:34:56,"1,899","1,836","1,920"
2022-11-29 12:34:57,"1,899","1,836","1,920"
2022-11-29 13:34:58,"1,857","1,795","1,878"
2022-11-29 14:35:00,"1,888","1,826","1,899"
2022-11-29 15:35:03,"1,857","1,795","1,878"
2022-11-29 16:35:05,"1,847","1,785","1,868"
2022-11-29 17:35:07,"1,826","1,764","1,868"
2022-11-29 18:35:09,"1,836","1,774","1,899"
2022-11-29 19:35:11,"1,826","1,764","1,888"
2022-11-29 20:18:26,"1,868","1,847","1,951"
2022-11-29 21:18:28,"1,868","1,847","1,951"
2022-11-29 22:18:10,"1,857","1,795","1,920"
2022-11-29 23:18:13,"1,857","1,795","1,920"
2022-11-30 00:18:15,"1,857","1,795","1,920"
2022-11-30 01:18:18,"1,857","1,795","1,920"
2022-11-30 02:18:20,"1,857","1,795","1,920"
2022-11-30 03:18:23,"1,857","1,795","1,920"
2022-11-30 04:18:25,"2,023","1,961","2,086"
2022-11-30 05:18:26,"2,023","1,961","2,086"
2022-11-30 06:18:29,"2,023","1,961","2,086"
2022-11-30 07:18:31,"2,013","1,951","2,075"
2022-11-30 08:18:33,"1,976","1,914","2,017"
2022-11-30 09:03:10,"1,976","1,914","2,028"
2022-11-30 10:03:12,"1,893","1,831","1,935"
2022-11-30 11:03:14,"1,873","1,810","1,893"
2022-11-30 12:03:15,"1,914","1,852","1,955"
2022-11-30 13:03:17,"1,852","1,810","1,914"
2022-11-30 14:03:19,"1,821","1,759","1,893"
2022-11-30 15:03:21,"1,852","1,790","1,904"
2022-11-30 16:03:23,"1,841","1,779","1,883"
2022-11-30 16:49:53,"1,841","1,779","1,883"
2022-11-30 17:49:55,"1,831","1,769","1,873"
2022-11-30 18:49:58,"1,821","1,759","1,893"
2022-11-30 19:50:01,"1,800","1,738","1,883"
2022-11-30 20:50:04,"1,862","1,841","1,852"
2022-11-30 21:50:06,"1,862","1,841","1,935"
2022-11-30 22:50:09,"1,852","1,790","1,935"
2022-11-30 23:50:11,"1,852","1,790","1,935"
2022-12-01 00:50:14,"1,852","1,790","1,935"
2022-12-01 01:50:16,"1,852","1,790","1,935"
2022-12-01 02:50:18,"1,852","1,790","1,935"
2022-12-01 03:03:28,"1,852","1,790","1,935"
2022-12-01 04:03:30,"2,017","1,955","2,100"
2022-12-01 05:03:32,"2,017","1,955","2,100"
2022-12-01 06:03:34,"2,069","2,007","2,131"
2022-12-01 07:03:36,"2,017","1,955","2,100"
2022-12-01 08:03:38,"2,007","1,945","2,090"
2022-12-01 09:03:41,"1,986","1,924","1,944"
2022-12-01 10:03:43,"1,840","1,778","1,872"
2022-12-01 11:03:46,"1,861","1,799","1,934"
2022-12-01 12:03:48,"1,861","1,799","1,934"
2022-12-01 13:03:50,"1,788","1,736","1,882"
2022-12-01 14:03:53,"1,820","1,757","1,913"
2022-12-01 15:03:55,"1,830","1,768","1,913"
2022-12-01 16:03:58,"1,830","1,768","1,892"
2022-12-01 17:04:00,"1,809","1,747","1,892"
2022-12-01 18:04:03,"1,820","1,757","1,913"
2022-12-01 18:33:20,"1,820","1,757","1,924"
2022-12-01 19:18:14,"1,840","1,778","1,913"
2022-12-01 20:04:19,"1,799","1,736","1,882"
2022-12-01 21:04:22,"1,872","1,851","1,965"
2022-12-01 22:04:26,"1,861","1,799","1,965"
2022-12-01 23:04:29,"1,861","1,799","1,965"
2022-12-02 00:04:30,"1,861","1,799","1,965"
2022-12-02 01:04:33,"1,861","1,799","1,965"
2022-12-02 02:04:36,"1,861","1,799","1,965"
2022-12-02 03:04:38,"1,861","1,799","1,965"
2022-12-02 04:04:40,"2,049","1,986","2,121"
2022-12-02 04:33:13,"2,049","1,986","2,121"
2022-12-02 05:33:15,"2,101","2,038","2,153"
2022-12-02 06:33:17,"2,049","1,986","2,121"
2022-12-02 07:33:20,"2,017","1,955","2,080"
2022-12-02 08:33:22,"2,010","1,947","2,073"
2022-12-02 09:33:24,"2,000","1,936","2,063"
2022-12-02 10:33:27,"1,915","1,852","1,947"
2022-12-02 11:33:29,"1,947","1,884","2,000"
2022-12-02 12:33:32,"1,915","1,852","1,989"
2022-12-02 13:33:34,"1,852","1,789","1,926"
2022-12-02 14:33:36,"1,894","1,831","1,968"
2022-12-02 15:33:38,"1,884","1,821","1,957"
2022-12-02 16:33:41,"1,873","1,810","1,926"
2022-12-02 17:33:43,"1,873","1,810","1,936"
2022-12-02 18:33:46,"1,863","1,799","1,936"
2022-12-02 19:33:49,"1,884","1,821","1,947"
2022-12-02 19:48:10,"1,852","1,789","1,915"
2022-12-02 20:48:12,"1,894","1,873","1,978"
2022-12-02 21:03:19,"1,894","1,873","1,978"
2022-12-02 22:03:21,"1,905","1,842","1,978"
2022-12-02 23:03:24,"1,905","1,842","1,978"
2022-12-03 00:03:08,"1,905","1,842","1,978"
2022-12-03 01:03:10,"1,905","1,842","1,978"
2022-12-03 02:03:16,"1,905","1,842","1,978"
2022-12-03 03:03:19,"1,905","1,842","1,978"
2022-12-03 04:03:21,"1,905","1,842","1,978"
2022-12-03 05:03:23,"2,063","2,000","2,115"
2022-12-03 06:03:26,"2,115","2,052","2,179"
2022-12-03 07:03:28,"2,063","2,000","2,115"
2022-12-03 08:03:30,"1,947","1,915","2,000"
2022-12-03 09:03:32,"2,000","1,936","2,042"
2022-12-03 10:03:35,"1,873","1,810","1,936"
2022-12-03 11:03:37,"1,894","1,831","1,968"
2022-12-03 12:03:39,"1,894","1,831","1,968"
2022-12-03 13:03:41,"1,863","1,799","1,947"
2022-12-03 14:03:43,"1,873","1,810","1,947"
2022-12-03 15:03:45,"1,873","1,821","1,957"
2022-12-03 16:03:48,"1,873","1,821","1,936"
2022-12-03 17:03:50,"1,884","1,821","1,947"
2022-12-03 18:03:52,"1,884","1,821","1,957"
2022-12-03 19:03:55,"1,873","1,810","1,957"
2022-12-03 20:03:56,"1,831","1,789","1,926"
2022-12-03 21:03:59,"1,915","1,852","1,989"
2022-12-03 22:04:01,"1,915","1,852","1,989"
2022-12-03 23:04:03,"1,915","1,852","1,989"
2022-12-03 23:48:22,"1,915","1,852","1,989"
2022-12-04 00:48:24,"1,915","1,852","1,989"
2022-12-04 01:48:26,"1,915","1,852","1,989"
2022-12-04 02:48:29,"1,915","1,852","1,989"
2022-12-04 03:33:27,"1,915","1,852","1,989"
2022-12-04 04:33:29,"2,063","2,000","2,115"
2022-12-04 05:33:31,"2,063","2,000","2,115"
2022-12-04 06:33:33,"2,063","2,000","2,115"
2022-12-04 07:33:35,"2,052","1,989","2,115"
2022-12-04 08:33:37,"1,989","1,926","2,052"
2022-12-04 09:33:39,"1,926","1,863","1,989"
2022-12-04 10:33:41,"1,873","1,810","1,926"
2022-12-04 11:33:44,"1,894","1,831","1,978"
2022-12-04 12:33:46,"1,873","1,810","1,957"
2022-12-04 13:33:26,"1,894","1,863","1,968"
2022-12-04 14:33:28,"1,884","1,821","1,968"
2022-12-04 15:33:31,"1,852","1,789","1,936"
2022-12-04 16:33:32,"1,884","1,821","1,947"
2022-12-04 17:33:35,"1,884","1,821","1,957"
2022-12-04 18:33:37,"1,873","1,810","1,957"
2022-12-04 19:33:40,"1,863","1,799","1,936"
2022-12-04 20:33:43,"1,852","1,789","1,915"
2022-12-04 21:33:45,"1,915","1,852","1,989"
2022-12-04 22:33:47,"1,915","1,852","1,989"
2022-12-04 23:33:49,"1,915","1,852","1,989"
2022-12-05 00:35:20,"1,915","1,852","1,989"
2022-12-05 01:35:23,"1,915","1,852","1,989"
2022-12-05 02:35:25,"1,915","1,852","1,989"
2022-12-05 03:35:27,"1,915","1,852","1,989"
2022-12-05 04:35:29,"2,063","2,000","2,115"
2022-12-05 05:35:31,"2,115","2,052","2,179"
2022-12-05 06:35:33,"2,063","2,000","2,115"
2022-12-05 07:35:35,"1,957","1,894","1,989"
2022-12-05 08:35:36,"2,023","1,959","2,054"
2022-12-05 09:35:38,"1,959","1,896","2,012"
2022-12-05 10:35:40,"1,907","1,843","1,970"
2022-12-05 11:35:43,"1,938","1,875","2,001"
2022-12-05 12:35:45,"1,896","1,833","1,938"
2022-12-05 13:35:49,"1,854","1,791","1,907"
2022-12-05 14:35:51,"1,896","1,833","1,959"
2022-12-05 15:35:53,"1,854","1,791","1,928"
2022-12-05 16:35:56,"1,885","1,822","1,928"
2022-12-05 17:35:58,"1,854","1,791","1,896"
2022-12-05 18:36:00,"1,864","1,801","1,928"
2022-12-05 19:36:03,"1,822","1,780","1,896"
2022-12-05 20:36:05,"1,801","1,780","1,885"
2022-12-05 21:50:04,"1,896","1,875","1,980"
2022-12-05 22:50:06,"1,864","1,801","1,970"
2022-12-05 23:20:10,"1,864","1,801","1,970"
2022-12-06 00:20:12,"1,864","1,801","1,970"
2022-12-06 01:20:14,"1,864","1,801","1,970"
2022-12-06 02:20:16,"1,864","1,801","1,970"
2022-12-06 03:20:18,"1,864","1,801","1,970"
2022-12-06 03:50:07,"1,864","1,801","1,970"
2022-12-06 04:50:10,"2,044","1,980","2,117"
2022-12-06 05:50:12,"2,044","1,980","2,117"
2022-12-06 06:50:14,"2,044","1,980","2,107"
2022-12-06 07:50:17,"1,959","1,896","2,023"
2022-12-06 08:50:19,"2,003","1,940","2,066"
2022-12-06 09:50:21,"1,992","1,929","2,024"
2022-12-06 10:50:24,"1,887","1,824","1,950"
2022-12-06 11:50:26,"1,908","1,845","1,982"
2022-12-06 12:50:28,"1,866","1,803","1,940"
2022-12-06 13:50:31,"1,835","1,772","1,898"
2022-12-06 14:50:33,"1,856","1,793","1,929"
2022-12-06 15:50:36,"1,793","1,761","1,877"
2022-12-06 16:50:39,"1,814","1,761","1,908"
2022-12-06 17:50:41,"1,824","1,761","1,898"
2022-12-06 18:50:43,"1,845","1,782","1,919"
2022-12-06 19:50:46,"1,845","1,782","1,919"
2022-12-06 20:50:49,"1,887","1,866","1,971"
2022-12-06 21:50:51,"1,887","1,866","1,971"
2022-12-06 22:50:53,"1,866","1,803","1,940"
2022-12-06 23:50:56,"1,866","1,803","1,940"
2022-12-07 00:50:59,"1,866","1,803","1,940"
2022-12-07 01:31:42,"1,866","1,803","1,940"
2022-12-07 02:16:35,"1,866","1,803","1,940"
2022-12-07 03:16:37,"1,866","1,803","1,940"
2022-12-07 04:16:40,"2,013","1,950","2,076"
2022-12-07 05:16:42,"2,013","1,950","2,076"
2022-12-07 06:16:44,"2,034","1,971","2,108"
2022-12-07 07:16:46,"2,013","1,950","2,066"
2022-12-07 08:16:49,"1,997","1,934","2,060"
2022-12-07 09:16:51,"1,997","1,934","2,060"
2022-12-07 10:16:53,"1,924","1,861","1,976"
2022-12-07 11:16:55,"1,924","1,861","1,955"
2022-12-07 12:16:57,"1,903","1,840","1,934"
2022-12-07 13:16:59,"1,829","1,808","1,871"
2022-12-07 14:17:03,"1,850","1,788","1,903"
2022-12-07 15:17:05,"1,819","1,756","1,903"
2022-12-07 16:17:08,"1,788","1,725","1,882"
2022-12-07 17:17:10,"1,788","1,725","1,871"
2022-12-07 18:17:13,"1,808","1,746","1,882"
2022-12-07 19:17:15,"1,808","1,746","1,861"
2022-12-07 20:17:18,"1,850","1,829","1,965"
2022-12-07 21:17:21,"1,850","1,829","1,965"
2022-12-07 22:17:24,"1,829","1,767","1,934"
2022-12-07 23:17:25,"1,829","1,767","1,934"
2022-12-08 00:17:27,"1,829","1,767","1,934"
2022-12-08 00:58:18,"1,829","1,767","1,934"
2022-12-08 01:58:20,"1,829","1,767","1,934"
2022-12-08 02:28:14,"1,829","1,767","1,934"
2022-12-08 03:28:16,"1,829","1,767","1,934"
2022-12-08 03:43:13,"1,829","1,767","1,934"
2022-12-08 04:43:16,"1,997","1,934","2,060"
2022-12-08 05:43:18,"2,028","1,965","2,070"
2022-12-08 06:43:19,"1,997","1,934","2,060"
2022-12-08 07:43:21,"1,965","1,903","2,060"
2022-12-08 08:43:24,"1,978","1,915","2,072"
2022-12-08 09:43:26,"1,946","1,883","2,041"
2022-12-08 10:43:29,"1,873","1,820","1,936"
2022-12-08 11:43:31,"1,883","1,820","1,967"
2022-12-08 12:43:33,"1,830","1,767","1,946"
2022-12-08 13:43:35,"1,799","1,736","1,873"
2022-12-08 14:43:38,"1,841","1,778","1,925"
2022-12-08 15:43:40,"1,799","1,736","1,862"
2022-12-08 16:43:42,"1,799","1,736","1,894"
2022-12-08 17:43:44,"1,799","1,736","1,862"
2022-12-08 18:43:46,"1,799","1,736","1,883"
2022-12-08 19:43:48,"1,757","1,715","1,851"
2022-12-08 20:43:50,"1,946","1,925","1,873"
2022-12-08 21:43:52,"1,946","1,925","1,904"
2022-12-08 22:43:55,"1,820","1,757","1,904"
2022-12-08 23:43:57,"1,820","1,757","1,904"
2022-12-09 00:43:59,"1,820","1,757","1,904"
2022-12-09 01:28:49,"1,820","1,757","1,904"
2022-12-09 02:28:52,"1,820","1,757","1,904"
2022-12-09 02:57:46,"1,820","1,757","1,904"
2022-12-09 03:57:48,"1,820","1,757","1,904"
2022-12-09 04:12:47,"1,988","1,925","2,062"
2022-12-09 05:12:49,"1,988","1,925","2,062"
2022-12-09 05:57:48,"2,020","1,957","2,062"
2022-12-09 06:57:50,"1,988","1,925","2,051"
2022-12-09 07:57:52,"1,957","1,894","1,904"
2022-12-09 08:57:54,"2,028","1,965","1,975"
2022-12-09 09:57:57,"1,869","1,806","1,912"
2022-12-09 10:57:45,"1,817","1,774","1,891"
2022-12-09 11:57:47,"1,880","1,817","1,954"
2022-12-09 12:57:49,"1,827","1,764","1,901"
2022-12-09 13:57:51,"1,785","1,732","1,859"
2022-12-09 14:57:53,"1,827","1,764","1,912"
